REGION;REGION_NAME;DEPARTMENT;DEPARTMENT_NAME;SOUSPREFECTURE;SOUSPREFECTURE_NAME;COMMUNE;COMMUNE_NAME;ZONE;ZONE_NAME;MILIEU;MILIEU_NAME
1;DISTRICT AUTONOME D'ABIDJAN;2;ABIDJAN;213;ABIDJAN (ATTECOUBE);13;ABIDJAN(ATTECOUBE);1;1;1;Urbain
1;DISTRICT AUTONOME D'ABIDJAN;2;ABIDJAN;213;ABIDJAN (ATTECOUBE);13;ABIDJAN(ATTECOUBE);1;1;1;Urbain
1;DISTRICT AUTONOME D'ABIDJAN;2;ABIDJAN;213;ABIDJAN (ATTECOUBE);13;ABIDJAN(ATTECOUBE);1;1;1;Urbain
1;DISTRICT AUTONOME D'ABIDJAN;2;ABIDJAN;213;ABIDJAN (ATTECOUBE);13;ABIDJAN(ATTECOUBE);1;1;1;Urbain
1;DISTRICT AUTONOME D'ABIDJAN;2;ABIDJAN;213;ABIDJAN (ATTECOUBE);13;ABIDJAN(ATTECOUBE);1;1;1;Urbain
1;DISTRICT AUTONOME D'ABIDJAN;2;ABIDJAN;213;ABIDJAN (ATTECOUBE);13;ABIDJAN(ATTECOUBE);1;1;1;Urbain
1;DISTRICT AUTONOME D'ABIDJAN;2;ABIDJAN;213;ABIDJAN (ATTECOUBE);13;ABIDJAN(ATTECOUBE);1;1;1;Urbain
1;DISTRICT AUTONOME D'ABIDJAN;2;ABIDJAN;213;ABIDJAN (ATTECOUBE);13;ABIDJAN(ATTECOUBE);1;1;1;Urbain
1;DISTRICT AUTONOME D'ABIDJAN;2;ABIDJAN;213;ABIDJAN (ATTECOUBE);13;ABIDJAN(ATTECOUBE);1;1;1;Urbain
1;DISTRICT AUTONOME D'ABIDJAN;2;ABIDJAN;213;ABIDJAN (ATTECOUBE);13;ABIDJAN(ATTECOUBE);2;2;1;Urbain
1;DISTRICT AUTONOME D'ABIDJAN;2;ABIDJAN;213;ABIDJAN (ATTECOUBE);13;ABIDJAN(ATTECOUBE);2;2;1;Urbain
1;DISTRICT AUTONOME D'ABIDJAN;2;ABIDJAN;213;ABIDJAN (ATTECOUBE);13;ABIDJAN(ATTECOUBE);2;2;1;Urbain
1;DISTRICT AUTONOME D'ABIDJAN;2;ABIDJAN;213;ABIDJAN (ATTECOUBE);13;ABIDJAN(ATTECOUBE);3;3;1;Urbain
1;DISTRICT AUTONOME D'ABIDJAN;2;ABIDJAN;213;ABIDJAN (ATTECOUBE);13;ABIDJAN(ATTECOUBE);3;3;1;Urbain
1;DISTRICT AUTONOME D'ABIDJAN;2;ABIDJAN;213;ABIDJAN (ATTECOUBE);13;ABIDJAN(ATTECOUBE);3;3;1;Urbain
1;DISTRICT AUTONOME D'ABIDJAN;2;ABIDJAN;213;ABIDJAN (ATTECOUBE);13;ABIDJAN(ATTECOUBE);3;3;1;Urbain
1;DISTRICT AUTONOME D'ABIDJAN;2;ABIDJAN;213;ABIDJAN (ATTECOUBE);13;ABIDJAN(ATTECOUBE);3;3;1;Urbain
1;DISTRICT AUTONOME D'ABIDJAN;2;ABIDJAN;213;ABIDJAN (ATTECOUBE);13;ABIDJAN(ATTECOUBE);3;3;1;Urbain
1;DISTRICT AUTONOME D'ABIDJAN;2;ABIDJAN;213;ABIDJAN (ATTECOUBE);13;ABIDJAN(ATTECOUBE);3;3;1;Urbain
1;DISTRICT AUTONOME D'ABIDJAN;2;ABIDJAN;213;ABIDJAN (ATTECOUBE);13;ABIDJAN(ATTECOUBE);4;4;1;Urbain
1;DISTRICT AUTONOME D'ABIDJAN;2;ABIDJAN;213;ABIDJAN (ATTECOUBE);13;ABIDJAN(ATTECOUBE);4;4;1;Urbain
1;DISTRICT AUTONOME D'ABIDJAN;2;ABIDJAN;213;ABIDJAN (ATTECOUBE);13;ABIDJAN(ATTECOUBE);4;4;1;Urbain
1;DISTRICT AUTONOME D'ABIDJAN;2;ABIDJAN;213;ABIDJAN (ATTECOUBE);13;ABIDJAN(ATTECOUBE);4;4;1;Urbain
1;DISTRICT AUTONOME D'ABIDJAN;2;ABIDJAN;213;ABIDJAN (ATTECOUBE);13;ABIDJAN(ATTECOUBE);4;4;1;Urbain
1;DISTRICT AUTONOME D'ABIDJAN;2;ABIDJAN;213;ABIDJAN (ATTECOUBE);13;ABIDJAN(ATTECOUBE);4;4;1;Urbain
1;DISTRICT AUTONOME D'ABIDJAN;2;ABIDJAN;213;ABIDJAN (ATTECOUBE);13;ABIDJAN(ATTECOUBE);5;5;1;Urbain
1;DISTRICT AUTONOME D'ABIDJAN;2;ABIDJAN;213;ABIDJAN (ATTECOUBE);13;ABIDJAN(ATTECOUBE);5;5;1;Urbain
1;DISTRICT AUTONOME D'ABIDJAN;2;ABIDJAN;213;ABIDJAN (ATTECOUBE);13;ABIDJAN(ATTECOUBE);5;5;1;Urbain
1;DISTRICT AUTONOME D'ABIDJAN;2;ABIDJAN;213;ABIDJAN (ATTECOUBE);13;ABIDJAN(ATTECOUBE);5;5;1;Urbain
1;DISTRICT AUTONOME D'ABIDJAN;2;ABIDJAN;213;ABIDJAN (ATTECOUBE);13;ABIDJAN(ATTECOUBE);5;5;1;Urbain
1;DISTRICT AUTONOME D'ABIDJAN;2;ABIDJAN;213;ABIDJAN (ATTECOUBE);13;ABIDJAN(ATTECOUBE);6;6;1;Urbain
1;DISTRICT AUTONOME D'ABIDJAN;2;ABIDJAN;213;ABIDJAN (ATTECOUBE);13;ABIDJAN(ATTECOUBE);6;6;1;Urbain
1;DISTRICT AUTONOME D'ABIDJAN;2;ABIDJAN;213;ABIDJAN (ATTECOUBE);13;ABIDJAN(ATTECOUBE);6;6;1;Urbain
1;DISTRICT AUTONOME D'ABIDJAN;2;ABIDJAN;213;ABIDJAN (ATTECOUBE);13;ABIDJAN(ATTECOUBE);6;6;1;Urbain
1;DISTRICT AUTONOME D'ABIDJAN;2;ABIDJAN;213;ABIDJAN (ATTECOUBE);13;ABIDJAN(ATTECOUBE);6;6;1;Urbain
1;DISTRICT AUTONOME D'ABIDJAN;2;ABIDJAN;213;ABIDJAN (ATTECOUBE);13;ABIDJAN(ATTECOUBE);6;6;1;Urbain
1;DISTRICT AUTONOME D'ABIDJAN;2;ABIDJAN;213;ABIDJAN (ATTECOUBE);13;ABIDJAN(ATTECOUBE);6;6;1;Urbain
1;DISTRICT AUTONOME D'ABIDJAN;2;ABIDJAN;213;ABIDJAN (ATTECOUBE);13;ABIDJAN(ATTECOUBE);6;6;1;Urbain
1;DISTRICT AUTONOME D'ABIDJAN;2;ABIDJAN;213;ABIDJAN (ATTECOUBE);13;ABIDJAN(ATTECOUBE);6;6;1;Urbain
1;DISTRICT AUTONOME D'ABIDJAN;2;ABIDJAN;213;ABIDJAN (ATTECOUBE);13;ABIDJAN(ATTECOUBE);9;9;1;Urbain
1;DISTRICT AUTONOME D'ABIDJAN;2;ABIDJAN;213;ABIDJAN (ATTECOUBE);13;ABIDJAN(ATTECOUBE);9;9;1;Urbain
1;DISTRICT AUTONOME D'ABIDJAN;2;ABIDJAN;213;ABIDJAN (ATTECOUBE);13;ABIDJAN(ATTECOUBE);9;9;1;Urbain
1;DISTRICT AUTONOME D'ABIDJAN;2;ABIDJAN;213;ABIDJAN (ATTECOUBE);13;ABIDJAN(ATTECOUBE);9;9;1;Urbain
1;DISTRICT AUTONOME D'ABIDJAN;2;ABIDJAN;213;ABIDJAN (ATTECOUBE);13;ABIDJAN(ATTECOUBE);9;9;1;Urbain
1;DISTRICT AUTONOME D'ABIDJAN;2;ABIDJAN;213;ABIDJAN (ATTECOUBE);13;ABIDJAN(ATTECOUBE);10;10;1;Urbain
1;DISTRICT AUTONOME D'ABIDJAN;2;ABIDJAN;213;ABIDJAN (ATTECOUBE);13;ABIDJAN(ATTECOUBE);10;10;1;Urbain
1;DISTRICT AUTONOME D'ABIDJAN;2;ABIDJAN;213;ABIDJAN (ATTECOUBE);13;ABIDJAN(ATTECOUBE);10;10;1;Urbain
1;DISTRICT AUTONOME D'ABIDJAN;2;ABIDJAN;213;ABIDJAN (ATTECOUBE);13;ABIDJAN(ATTECOUBE);10;10;1;Urbain
1;DISTRICT AUTONOME D'ABIDJAN;2;ABIDJAN;213;ABIDJAN (ATTECOUBE);13;ABIDJAN(ATTECOUBE);10;10;1;Urbain
1;DISTRICT AUTONOME D'ABIDJAN;2;ABIDJAN;213;ABIDJAN (ATTECOUBE);13;ABIDJAN(ATTECOUBE);10;10;1;Urbain
1;DISTRICT AUTONOME D'ABIDJAN;2;ABIDJAN;213;ABIDJAN (ATTECOUBE);13;ABIDJAN(ATTECOUBE);10;10;1;Urbain
1;DISTRICT AUTONOME D'ABIDJAN;2;ABIDJAN;213;ABIDJAN (ATTECOUBE);13;ABIDJAN(ATTECOUBE);10;10;1;Urbain
1;DISTRICT AUTONOME D'ABIDJAN;2;ABIDJAN;213;ABIDJAN (ATTECOUBE);13;ABIDJAN(ATTECOUBE);10;10;1;Urbain
1;DISTRICT AUTONOME D'ABIDJAN;2;ABIDJAN;214;ABIDJAN (COCODY);14;ABIDJAN(COCODY);1;1;1;Urbain
1;DISTRICT AUTONOME D'ABIDJAN;2;ABIDJAN;214;ABIDJAN (COCODY);14;ABIDJAN(COCODY);1;1;1;Urbain
1;DISTRICT AUTONOME D'ABIDJAN;2;ABIDJAN;214;ABIDJAN (COCODY);14;ABIDJAN(COCODY);1;1;1;Urbain
1;DISTRICT AUTONOME D'ABIDJAN;2;ABIDJAN;214;ABIDJAN (COCODY);14;ABIDJAN(COCODY);1;1;1;Urbain
1;DISTRICT AUTONOME D'ABIDJAN;2;ABIDJAN;214;ABIDJAN (COCODY);14;ABIDJAN(COCODY);2;2;1;Urbain
1;DISTRICT AUTONOME D'ABIDJAN;2;ABIDJAN;214;ABIDJAN (COCODY);14;ABIDJAN(COCODY);2;2;1;Urbain
1;DISTRICT AUTONOME D'ABIDJAN;2;ABIDJAN;214;ABIDJAN (COCODY);14;ABIDJAN(COCODY);2;2;1;Urbain
1;DISTRICT AUTONOME D'ABIDJAN;2;ABIDJAN;214;ABIDJAN (COCODY);14;ABIDJAN(COCODY);2;2;1;Urbain
1;DISTRICT AUTONOME D'ABIDJAN;2;ABIDJAN;214;ABIDJAN (COCODY);14;ABIDJAN(COCODY);2;2;1;Urbain
1;DISTRICT AUTONOME D'ABIDJAN;2;ABIDJAN;214;ABIDJAN (COCODY);14;ABIDJAN(COCODY);2;2;1;Urbain
1;DISTRICT AUTONOME D'ABIDJAN;2;ABIDJAN;214;ABIDJAN (COCODY);14;ABIDJAN(COCODY);2;2;1;Urbain
1;DISTRICT AUTONOME D'ABIDJAN;2;ABIDJAN;214;ABIDJAN (COCODY);14;ABIDJAN(COCODY);2;2;1;Urbain
1;DISTRICT AUTONOME D'ABIDJAN;2;ABIDJAN;214;ABIDJAN (COCODY);14;ABIDJAN(COCODY);2;2;1;Urbain
1;DISTRICT AUTONOME D'ABIDJAN;2;ABIDJAN;214;ABIDJAN (COCODY);14;ABIDJAN(COCODY);2;2;1;Urbain
1;DISTRICT AUTONOME D'ABIDJAN;2;ABIDJAN;214;ABIDJAN (COCODY);14;ABIDJAN(COCODY);3;3;1;Urbain
1;DISTRICT AUTONOME D'ABIDJAN;2;ABIDJAN;214;ABIDJAN (COCODY);14;ABIDJAN(COCODY);3;3;1;Urbain
1;DISTRICT AUTONOME D'ABIDJAN;2;ABIDJAN;214;ABIDJAN (COCODY);14;ABIDJAN(COCODY);3;3;1;Urbain
1;DISTRICT AUTONOME D'ABIDJAN;2;ABIDJAN;214;ABIDJAN (COCODY);14;ABIDJAN(COCODY);3;3;1;Urbain
1;DISTRICT AUTONOME D'ABIDJAN;2;ABIDJAN;214;ABIDJAN (COCODY);14;ABIDJAN(COCODY);4;4;1;Urbain
1;DISTRICT AUTONOME D'ABIDJAN;2;ABIDJAN;214;ABIDJAN (COCODY);14;ABIDJAN(COCODY);4;4;1;Urbain
1;DISTRICT AUTONOME D'ABIDJAN;2;ABIDJAN;214;ABIDJAN (COCODY);14;ABIDJAN(COCODY);4;4;1;Urbain
1;DISTRICT AUTONOME D'ABIDJAN;2;ABIDJAN;214;ABIDJAN (COCODY);14;ABIDJAN(COCODY);4;4;1;Urbain
1;DISTRICT AUTONOME D'ABIDJAN;2;ABIDJAN;214;ABIDJAN (COCODY);14;ABIDJAN(COCODY);4;4;1;Urbain
1;DISTRICT AUTONOME D'ABIDJAN;2;ABIDJAN;220;ABIDJAN (YOPOUGON);20;ABIDJAN(YOPOUGON);1;1;1;Urbain
1;DISTRICT AUTONOME D'ABIDJAN;2;ABIDJAN;220;ABIDJAN (YOPOUGON);20;ABIDJAN(YOPOUGON);1;1;1;Urbain
1;DISTRICT AUTONOME D'ABIDJAN;2;ABIDJAN;220;ABIDJAN (YOPOUGON);20;ABIDJAN(YOPOUGON);1;1;1;Urbain
1;DISTRICT AUTONOME D'ABIDJAN;2;ABIDJAN;220;ABIDJAN (YOPOUGON);20;ABIDJAN(YOPOUGON);1;1;1;Urbain
1;DISTRICT AUTONOME D'ABIDJAN;2;ABIDJAN;220;ABIDJAN (YOPOUGON);20;ABIDJAN(YOPOUGON);2;2;1;Urbain
1;DISTRICT AUTONOME D'ABIDJAN;2;ABIDJAN;220;ABIDJAN (YOPOUGON);20;ABIDJAN(YOPOUGON);2;2;1;Urbain
1;DISTRICT AUTONOME D'ABIDJAN;2;ABIDJAN;220;ABIDJAN (YOPOUGON);20;ABIDJAN(YOPOUGON);2;2;1;Urbain
1;DISTRICT AUTONOME D'ABIDJAN;2;ABIDJAN;220;ABIDJAN (YOPOUGON);20;ABIDJAN(YOPOUGON);3;3;1;Urbain
1;DISTRICT AUTONOME D'ABIDJAN;2;ABIDJAN;220;ABIDJAN (YOPOUGON);20;ABIDJAN(YOPOUGON);3;3;1;Urbain
1;DISTRICT AUTONOME D'ABIDJAN;2;ABIDJAN;220;ABIDJAN (YOPOUGON);20;ABIDJAN(YOPOUGON);3;3;1;Urbain
1;DISTRICT AUTONOME D'ABIDJAN;2;ABIDJAN;220;ABIDJAN (YOPOUGON);20;ABIDJAN(YOPOUGON);4;4;1;Urbain
1;DISTRICT AUTONOME D'ABIDJAN;2;ABIDJAN;220;ABIDJAN (YOPOUGON);20;ABIDJAN(YOPOUGON);4;4;1;Urbain
1;DISTRICT AUTONOME D'ABIDJAN;2;ABIDJAN;220;ABIDJAN (YOPOUGON);20;ABIDJAN(YOPOUGON);5;5;1;Urbain
1;DISTRICT AUTONOME D'ABIDJAN;2;ABIDJAN;220;ABIDJAN (YOPOUGON);20;ABIDJAN(YOPOUGON);5;5;1;Urbain
1;DISTRICT AUTONOME D'ABIDJAN;2;ABIDJAN;220;ABIDJAN (YOPOUGON);20;ABIDJAN(YOPOUGON);5;5;1;Urbain
1;DISTRICT AUTONOME D'ABIDJAN;2;ABIDJAN;220;ABIDJAN (YOPOUGON);20;ABIDJAN(YOPOUGON);6;6;1;Urbain
1;DISTRICT AUTONOME D'ABIDJAN;2;ABIDJAN;220;ABIDJAN (YOPOUGON);20;ABIDJAN(YOPOUGON);6;6;1;Urbain
1;DISTRICT AUTONOME D'ABIDJAN;2;ABIDJAN;220;ABIDJAN (YOPOUGON);20;ABIDJAN(YOPOUGON);6;6;1;Urbain
1;DISTRICT AUTONOME D'ABIDJAN;2;ABIDJAN;220;ABIDJAN (YOPOUGON);20;ABIDJAN(YOPOUGON);6;6;1;Urbain
1;DISTRICT AUTONOME D'ABIDJAN;2;ABIDJAN;220;ABIDJAN (YOPOUGON);20;ABIDJAN(YOPOUGON);7;7;1;Urbain
1;DISTRICT AUTONOME D'ABIDJAN;2;ABIDJAN;220;ABIDJAN (YOPOUGON);20;ABIDJAN(YOPOUGON);7;7;1;Urbain
1;DISTRICT AUTONOME D'ABIDJAN;2;ABIDJAN;220;ABIDJAN (YOPOUGON);20;ABIDJAN(YOPOUGON);8;8;1;Urbain
1;DISTRICT AUTONOME D'ABIDJAN;2;ABIDJAN;220;ABIDJAN (YOPOUGON);20;ABIDJAN(YOPOUGON);8;8;1;Urbain
6;TONKPI;9;BIANKOUMA;907;SANTA (DE BIANKOUMA);98;NON COMMUNAL;6001;6001;2;Rural
6;TONKPI;9;BIANKOUMA;907;SANTA (DE BIANKOUMA);98;NON COMMUNAL;6001;6001;2;Rural
6;TONKPI;9;BIANKOUMA;907;SANTA (DE BIANKOUMA);98;NON COMMUNAL;6001;6001;2;Rural
6;TONKPI;9;BIANKOUMA;907;SANTA (DE BIANKOUMA);98;NON COMMUNAL;6001;6001;2;Rural
6;TONKPI;9;BIANKOUMA;907;SANTA (DE BIANKOUMA);98;NON COMMUNAL;6001;6001;2;Rural
6;TONKPI;9;BIANKOUMA;907;SANTA (DE BIANKOUMA);98;NON COMMUNAL;6001;6001;2;Rural
6;TONKPI;9;BIANKOUMA;907;SANTA (DE BIANKOUMA);98;NON COMMUNAL;6001;6001;2;Rural
6;TONKPI;9;BIANKOUMA;907;SANTA (DE BIANKOUMA);98;NON COMMUNAL;6001;6001;2;Rural
6;TONKPI;9;BIANKOUMA;907;SANTA (DE BIANKOUMA);98;NON COMMUNAL;6001;6001;2;Rural
6;TONKPI;9;BIANKOUMA;907;SANTA (DE BIANKOUMA);98;NON COMMUNAL;6001;6001;2;Rural
6;TONKPI;9;BIANKOUMA;907;SANTA (DE BIANKOUMA);98;NON COMMUNAL;6001;6001;2;Rural
6;TONKPI;9;BIANKOUMA;907;SANTA (DE BIANKOUMA);98;NON COMMUNAL;6001;6001;2;Rural
6;TONKPI;9;BIANKOUMA;907;SANTA (DE BIANKOUMA);98;NON COMMUNAL;6001;6001;2;Rural
6;TONKPI;9;BIANKOUMA;907;SANTA (DE BIANKOUMA);98;NON COMMUNAL;6001;6001;2;Rural
6;TONKPI;9;BIANKOUMA;907;SANTA (DE BIANKOUMA);98;NON COMMUNAL;6001;6001;2;Rural
6;TONKPI;9;BIANKOUMA;907;SANTA (DE BIANKOUMA);98;NON COMMUNAL;6002;6002;2;Rural
6;TONKPI;9;BIANKOUMA;907;SANTA (DE BIANKOUMA);98;NON COMMUNAL;6002;6002;2;Rural
6;TONKPI;9;BIANKOUMA;907;SANTA (DE BIANKOUMA);98;NON COMMUNAL;6002;6002;2;Rural
6;TONKPI;9;BIANKOUMA;907;SANTA (DE BIANKOUMA);98;NON COMMUNAL;6002;6002;2;Rural
6;TONKPI;9;BIANKOUMA;907;SANTA (DE BIANKOUMA);98;NON COMMUNAL;6002;6002;2;Rural
6;TONKPI;9;BIANKOUMA;907;SANTA (DE BIANKOUMA);98;NON COMMUNAL;6002;6002;2;Rural
6;TONKPI;9;BIANKOUMA;907;SANTA (DE BIANKOUMA);98;NON COMMUNAL;6002;6002;2;Rural
6;TONKPI;9;BIANKOUMA;907;SANTA (DE BIANKOUMA);98;NON COMMUNAL;6002;6002;2;Rural
6;TONKPI;9;BIANKOUMA;907;SANTA (DE BIANKOUMA);98;NON COMMUNAL;6002;6002;2;Rural
6;TONKPI;9;BIANKOUMA;907;SANTA (DE BIANKOUMA);98;NON COMMUNAL;6002;6002;2;Rural
6;TONKPI;9;BIANKOUMA;907;SANTA (DE BIANKOUMA);98;NON COMMUNAL;6002;6002;2;Rural
6;TONKPI;9;BIANKOUMA;907;SANTA (DE BIANKOUMA);98;NON COMMUNAL;6002;6002;2;Rural
6;TONKPI;9;BIANKOUMA;907;SANTA (DE BIANKOUMA);98;NON COMMUNAL;6002;6002;2;Rural
6;TONKPI;9;BIANKOUMA;907;SANTA (DE BIANKOUMA);98;NON COMMUNAL;6002;6002;2;Rural
6;TONKPI;9;BIANKOUMA;907;SANTA (DE BIANKOUMA);98;NON COMMUNAL;6002;6002;2;Rural
6;TONKPI;9;BIANKOUMA;907;SANTA (DE BIANKOUMA);98;NON COMMUNAL;6003;6003;2;Rural
6;TONKPI;9;BIANKOUMA;907;SANTA (DE BIANKOUMA);98;NON COMMUNAL;6003;6003;2;Rural
6;TONKPI;9;BIANKOUMA;907;SANTA (DE BIANKOUMA);98;NON COMMUNAL;6003;6003;2;Rural
6;TONKPI;9;BIANKOUMA;907;SANTA (DE BIANKOUMA);98;NON COMMUNAL;6003;6003;2;Rural
6;TONKPI;9;BIANKOUMA;907;SANTA (DE BIANKOUMA);98;NON COMMUNAL;6003;6003;2;Rural
6;TONKPI;9;BIANKOUMA;907;SANTA (DE BIANKOUMA);98;NON COMMUNAL;6003;6003;2;Rural
6;TONKPI;9;BIANKOUMA;907;SANTA (DE BIANKOUMA);98;NON COMMUNAL;6003;6003;2;Rural
6;TONKPI;9;BIANKOUMA;907;SANTA (DE BIANKOUMA);98;NON COMMUNAL;6003;6003;2;Rural
6;TONKPI;9;BIANKOUMA;907;SANTA (DE BIANKOUMA);98;NON COMMUNAL;6003;6003;2;Rural
6;TONKPI;9;BIANKOUMA;907;SANTA (DE BIANKOUMA);98;NON COMMUNAL;6003;6003;2;Rural
6;TONKPI;9;BIANKOUMA;907;SANTA (DE BIANKOUMA);98;NON COMMUNAL;6003;6003;2;Rural
6;TONKPI;9;BIANKOUMA;907;SANTA (DE BIANKOUMA);98;NON COMMUNAL;6003;6003;2;Rural
6;TONKPI;9;BIANKOUMA;907;SANTA (DE BIANKOUMA);98;NON COMMUNAL;6003;6003;2;Rural
6;TONKPI;9;BIANKOUMA;907;SANTA (DE BIANKOUMA);98;NON COMMUNAL;6003;6003;2;Rural
6;TONKPI;9;BIANKOUMA;907;SANTA (DE BIANKOUMA);98;NON COMMUNAL;6003;6003;2;Rural
6;TONKPI;9;BIANKOUMA;907;SANTA (DE BIANKOUMA);98;NON COMMUNAL;6003;6003;2;Rural
6;TONKPI;9;BIANKOUMA;907;SANTA (DE BIANKOUMA);98;NON COMMUNAL;6003;6003;2;Rural
6;TONKPI;9;BIANKOUMA;907;SANTA (DE BIANKOUMA);98;NON COMMUNAL;6003;6003;2;Rural
6;TONKPI;9;BIANKOUMA;907;SANTA (DE BIANKOUMA);98;NON COMMUNAL;6003;6003;2;Rural
6;TONKPI;9;BIANKOUMA;907;SANTA (DE BIANKOUMA);98;NON COMMUNAL;6004;6004;2;Rural
6;TONKPI;9;BIANKOUMA;907;SANTA (DE BIANKOUMA);98;NON COMMUNAL;6004;6004;2;Rural
6;TONKPI;9;BIANKOUMA;907;SANTA (DE BIANKOUMA);98;NON COMMUNAL;6004;6004;2;Rural
6;TONKPI;9;BIANKOUMA;907;SANTA (DE BIANKOUMA);98;NON COMMUNAL;6004;6004;2;Rural
6;TONKPI;9;BIANKOUMA;907;SANTA (DE BIANKOUMA);98;NON COMMUNAL;6006;6006;2;Rural
6;TONKPI;9;BIANKOUMA;907;SANTA (DE BIANKOUMA);98;NON COMMUNAL;6006;6006;2;Rural
6;TONKPI;9;BIANKOUMA;907;SANTA (DE BIANKOUMA);98;NON COMMUNAL;6007;6007;2;Rural
6;TONKPI;9;BIANKOUMA;907;SANTA (DE BIANKOUMA);98;NON COMMUNAL;6007;6007;2;Rural
6;TONKPI;9;BIANKOUMA;907;SANTA (DE BIANKOUMA);98;NON COMMUNAL;6007;6007;2;Rural
6;TONKPI;9;BIANKOUMA;907;SANTA (DE BIANKOUMA);98;NON COMMUNAL;6007;6007;2;Rural
6;TONKPI;9;BIANKOUMA;907;SANTA (DE BIANKOUMA);98;NON COMMUNAL;6007;6007;2;Rural
6;TONKPI;9;BIANKOUMA;907;SANTA (DE BIANKOUMA);98;NON COMMUNAL;6007;6007;2;Rural
6;TONKPI;9;BIANKOUMA;907;SANTA (DE BIANKOUMA);98;NON COMMUNAL;6008;6008;2;Rural
6;TONKPI;9;BIANKOUMA;907;SANTA (DE BIANKOUMA);98;NON COMMUNAL;6008;6008;2;Rural
6;TONKPI;9;BIANKOUMA;907;SANTA (DE BIANKOUMA);98;NON COMMUNAL;6008;6008;2;Rural
6;TONKPI;9;BIANKOUMA;907;SANTA (DE BIANKOUMA);98;NON COMMUNAL;6008;6008;2;Rural
6;TONKPI;9;BIANKOUMA;907;SANTA (DE BIANKOUMA);98;NON COMMUNAL;6008;6008;2;Rural
6;TONKPI;9;BIANKOUMA;907;SANTA (DE BIANKOUMA);98;NON COMMUNAL;6008;6008;2;Rural
6;TONKPI;9;BIANKOUMA;907;SANTA (DE BIANKOUMA);98;NON COMMUNAL;6008;6008;2;Rural
6;TONKPI;9;BIANKOUMA;907;SANTA (DE BIANKOUMA);98;NON COMMUNAL;6008;6008;2;Rural
6;TONKPI;9;BIANKOUMA;907;SANTA (DE BIANKOUMA);98;NON COMMUNAL;6008;6008;2;Rural
6;TONKPI;9;BIANKOUMA;907;SANTA (DE BIANKOUMA);98;NON COMMUNAL;6009;6009;2;Rural
6;TONKPI;9;BIANKOUMA;907;SANTA (DE BIANKOUMA);98;NON COMMUNAL;6009;6009;2;Rural
6;TONKPI;9;BIANKOUMA;907;SANTA (DE BIANKOUMA);98;NON COMMUNAL;6009;6009;2;Rural
6;TONKPI;9;BIANKOUMA;907;SANTA (DE BIANKOUMA);98;NON COMMUNAL;6009;6009;2;Rural
6;TONKPI;9;BIANKOUMA;907;SANTA (DE BIANKOUMA);98;NON COMMUNAL;6009;6009;2;Rural
6;TONKPI;9;BIANKOUMA;907;SANTA (DE BIANKOUMA);98;NON COMMUNAL;6009;6009;2;Rural
6;TONKPI;9;BIANKOUMA;907;SANTA (DE BIANKOUMA);98;NON COMMUNAL;6009;6009;2;Rural
6;TONKPI;9;BIANKOUMA;907;SANTA (DE BIANKOUMA);98;NON COMMUNAL;6009;6009;2;Rural
6;TONKPI;9;BIANKOUMA;907;SANTA (DE BIANKOUMA);98;NON COMMUNAL;6009;6009;2;Rural
6;TONKPI;9;BIANKOUMA;907;SANTA (DE BIANKOUMA);98;NON COMMUNAL;6009;6009;2;Rural
6;TONKPI;9;BIANKOUMA;907;SANTA (DE BIANKOUMA);98;NON COMMUNAL;6009;6009;2;Rural
6;TONKPI;9;BIANKOUMA;907;SANTA (DE BIANKOUMA);98;NON COMMUNAL;6009;6009;2;Rural
6;TONKPI;9;BIANKOUMA;907;SANTA (DE BIANKOUMA);98;NON COMMUNAL;6009;6009;2;Rural
6;TONKPI;9;BIANKOUMA;907;SANTA (DE BIANKOUMA);98;NON COMMUNAL;6009;6009;2;Rural
6;TONKPI;9;BIANKOUMA;907;SANTA (DE BIANKOUMA);98;NON COMMUNAL;6009;6009;2;Rural
6;TONKPI;9;BIANKOUMA;907;SANTA (DE BIANKOUMA);98;NON COMMUNAL;6009;6009;2;Rural
6;TONKPI;9;BIANKOUMA;907;SANTA (DE BIANKOUMA);98;NON COMMUNAL;6009;6009;2;Rural
6;TONKPI;9;BIANKOUMA;907;SANTA (DE BIANKOUMA);98;NON COMMUNAL;6009;6009;2;Rural
6;TONKPI;9;BIANKOUMA;907;SANTA (DE BIANKOUMA);98;NON COMMUNAL;6009;6009;2;Rural
6;TONKPI;9;BIANKOUMA;907;SANTA (DE BIANKOUMA);98;NON COMMUNAL;6009;6009;2;Rural
6;TONKPI;9;BIANKOUMA;907;SANTA (DE BIANKOUMA);98;NON COMMUNAL;6009;6009;2;Rural
6;TONKPI;9;BIANKOUMA;907;SANTA (DE BIANKOUMA);98;NON COMMUNAL;6009;6009;2;Rural
6;TONKPI;9;BIANKOUMA;907;SANTA (DE BIANKOUMA);98;NON COMMUNAL;6009;6009;2;Rural
6;TONKPI;9;BIANKOUMA;907;SANTA (DE BIANKOUMA);98;NON COMMUNAL;6009;6009;2;Rural
6;TONKPI;9;BIANKOUMA;907;SANTA (DE BIANKOUMA);98;NON COMMUNAL;6009;6009;2;Rural
6;TONKPI;9;BIANKOUMA;907;SANTA (DE BIANKOUMA);98;NON COMMUNAL;6009;6009;2;Rural
6;TONKPI;9;BIANKOUMA;907;SANTA (DE BIANKOUMA);98;NON COMMUNAL;6009;6009;2;Rural
6;TONKPI;9;BIANKOUMA;907;SANTA (DE BIANKOUMA);98;NON COMMUNAL;6009;6009;2;Rural
6;TONKPI;9;BIANKOUMA;907;SANTA (DE BIANKOUMA);98;NON COMMUNAL;6009;6009;2;Rural
6;TONKPI;9;BIANKOUMA;907;SANTA (DE BIANKOUMA);98;NON COMMUNAL;6009;6009;2;Rural
6;TONKPI;9;BIANKOUMA;907;SANTA (DE BIANKOUMA);98;NON COMMUNAL;6009;6009;2;Rural
6;TONKPI;9;BIANKOUMA;907;SANTA (DE BIANKOUMA);98;NON COMMUNAL;6009;6009;2;Rural
6;TONKPI;9;BIANKOUMA;907;SANTA (DE BIANKOUMA);98;NON COMMUNAL;6009;6009;2;Rural
6;TONKPI;9;BIANKOUMA;907;SANTA (DE BIANKOUMA);98;NON COMMUNAL;6009;6009;2;Rural
6;TONKPI;9;BIANKOUMA;907;SANTA (DE BIANKOUMA);98;NON COMMUNAL;6009;6009;2;Rural
6;TONKPI;9;BIANKOUMA;907;SANTA (DE BIANKOUMA);98;NON COMMUNAL;6009;6009;2;Rural
6;TONKPI;9;BIANKOUMA;907;SANTA (DE BIANKOUMA);98;NON COMMUNAL;6009;6009;2;Rural
6;TONKPI;9;BIANKOUMA;907;SANTA (DE BIANKOUMA);98;NON COMMUNAL;6009;6009;2;Rural
6;TONKPI;9;BIANKOUMA;907;SANTA (DE BIANKOUMA);98;NON COMMUNAL;6009;6009;2;Rural
13;SUD-COMOE;51;ADIAKE;5102;ASSINIE-MAFIA;98;NON COMMUNAL;4001;4001;1;Urbain
13;SUD-COMOE;51;ADIAKE;5102;ASSINIE-MAFIA;98;NON COMMUNAL;4001;4001;1;Urbain
13;SUD-COMOE;51;ADIAKE;5102;ASSINIE-MAFIA;98;NON COMMUNAL;4001;4001;1;Urbain
13;SUD-COMOE;51;ADIAKE;5102;ASSINIE-MAFIA;98;NON COMMUNAL;4001;4001;1;Urbain
13;SUD-COMOE;51;ADIAKE;5102;ASSINIE-MAFIA;98;NON COMMUNAL;4001;4001;1;Urbain
13;SUD-COMOE;51;ADIAKE;5102;ASSINIE-MAFIA;98;NON COMMUNAL;4001;4001;1;Urbain
13;SUD-COMOE;51;ADIAKE;5102;ASSINIE-MAFIA;98;NON COMMUNAL;4001;4001;1;Urbain
13;SUD-COMOE;51;ADIAKE;5102;ASSINIE-MAFIA;98;NON COMMUNAL;4001;4001;1;Urbain
13;SUD-COMOE;51;ADIAKE;5102;ASSINIE-MAFIA;98;NON COMMUNAL;4001;4001;1;Urbain
13;SUD-COMOE;51;ADIAKE;5102;ASSINIE-MAFIA;98;NON COMMUNAL;4001;4001;1;Urbain
13;SUD-COMOE;51;ADIAKE;5102;ASSINIE-MAFIA;98;NON COMMUNAL;4002;4002;1;Urbain
13;SUD-COMOE;51;ADIAKE;5102;ASSINIE-MAFIA;98;NON COMMUNAL;4002;4002;1;Urbain
13;SUD-COMOE;51;ADIAKE;5102;ASSINIE-MAFIA;98;NON COMMUNAL;4002;4002;1;Urbain
13;SUD-COMOE;51;ADIAKE;5102;ASSINIE-MAFIA;98;NON COMMUNAL;4002;4002;1;Urbain
13;SUD-COMOE;51;ADIAKE;5102;ASSINIE-MAFIA;98;NON COMMUNAL;4002;4002;1;Urbain
13;SUD-COMOE;51;ADIAKE;5102;ASSINIE-MAFIA;98;NON COMMUNAL;4002;4002;1;Urbain
13;SUD-COMOE;51;ADIAKE;5102;ASSINIE-MAFIA;98;NON COMMUNAL;4002;4002;1;Urbain
13;SUD-COMOE;51;ADIAKE;5102;ASSINIE-MAFIA;98;NON COMMUNAL;4002;4002;1;Urbain
13;SUD-COMOE;51;ADIAKE;5102;ASSINIE-MAFIA;98;NON COMMUNAL;4002;4002;1;Urbain
13;SUD-COMOE;51;ADIAKE;5102;ASSINIE-MAFIA;98;NON COMMUNAL;6005;6005;2;Rural
13;SUD-COMOE;51;ADIAKE;5102;ASSINIE-MAFIA;98;NON COMMUNAL;6005;6005;2;Rural
13;SUD-COMOE;51;ADIAKE;5102;ASSINIE-MAFIA;98;NON COMMUNAL;6005;6005;2;Rural
13;SUD-COMOE;51;ADIAKE;5102;ASSINIE-MAFIA;98;NON COMMUNAL;6005;6005;2;Rural
13;SUD-COMOE;51;ADIAKE;5102;ASSINIE-MAFIA;98;NON COMMUNAL;6005;6005;2;Rural
13;SUD-COMOE;51;ADIAKE;5102;ASSINIE-MAFIA;98;NON COMMUNAL;6005;6005;2;Rural
13;SUD-COMOE;51;ADIAKE;5102;ASSINIE-MAFIA;98;NON COMMUNAL;6005;6005;2;Rural
13;SUD-COMOE;51;ADIAKE;5102;ASSINIE-MAFIA;98;NON COMMUNAL;6005;6005;2;Rural
13;SUD-COMOE;51;ADIAKE;5102;ASSINIE-MAFIA;98;NON COMMUNAL;6005;6005;2;Rural
13;SUD-COMOE;51;ADIAKE;5102;ASSINIE-MAFIA;98;NON COMMUNAL;6005;6005;2;Rural
13;SUD-COMOE;51;ADIAKE;5102;ASSINIE-MAFIA;98;NON COMMUNAL;6005;6005;2;Rural
13;SUD-COMOE;51;ADIAKE;5102;ASSINIE-MAFIA;98;NON COMMUNAL;6005;6005;2;Rural
13;SUD-COMOE;51;ADIAKE;5102;ASSINIE-MAFIA;98;NON COMMUNAL;6005;6005;2;Rural
13;SUD-COMOE;51;ADIAKE;5102;ASSINIE-MAFIA;98;NON COMMUNAL;6005;6005;2;Rural
13;SUD-COMOE;51;ADIAKE;5102;ASSINIE-MAFIA;98;NON COMMUNAL;6005;6005;2;Rural
13;SUD-COMOE;51;ADIAKE;5102;ASSINIE-MAFIA;98;NON COMMUNAL;6005;6005;2;Rural
13;SUD-COMOE;51;ADIAKE;5102;ASSINIE-MAFIA;98;NON COMMUNAL;6005;6005;2;Rural
13;SUD-COMOE;51;ADIAKE;5102;ASSINIE-MAFIA;98;NON COMMUNAL;6005;6005;2;Rural
13;SUD-COMOE;51;ADIAKE;5102;ASSINIE-MAFIA;98;NON COMMUNAL;6005;6005;2;Rural
13;SUD-COMOE;51;ADIAKE;5102;ASSINIE-MAFIA;98;NON COMMUNAL;6005;6005;2;Rural
13;SUD-COMOE;51;ADIAKE;5102;ASSINIE-MAFIA;98;NON COMMUNAL;6005;6005;2;Rural
13;SUD-COMOE;51;ADIAKE;5102;ASSINIE-MAFIA;98;NON COMMUNAL;6005;6005;2;Rural
13;SUD-COMOE;51;ADIAKE;5102;ASSINIE-MAFIA;98;NON COMMUNAL;6005;6005;2;Rural
13;SUD-COMOE;51;ADIAKE;5102;ASSINIE-MAFIA;98;NON COMMUNAL;6005;6005;2;Rural
13;SUD-COMOE;51;ADIAKE;5102;ASSINIE-MAFIA;98;NON COMMUNAL;6005;6005;2;Rural
13;SUD-COMOE;51;ADIAKE;5102;ASSINIE-MAFIA;98;NON COMMUNAL;6005;6005;2;Rural
13;SUD-COMOE;51;ADIAKE;5102;ASSINIE-MAFIA;98;NON COMMUNAL;6006;6006;2;Rural
13;SUD-COMOE;51;ADIAKE;5102;ASSINIE-MAFIA;98;NON COMMUNAL;6006;6006;2;Rural
13;SUD-COMOE;51;ADIAKE;5102;ASSINIE-MAFIA;98;NON COMMUNAL;6006;6006;2;Rural
13;SUD-COMOE;51;ADIAKE;5102;ASSINIE-MAFIA;98;NON COMMUNAL;6006;6006;2;Rural
13;SUD-COMOE;51;ADIAKE;5102;ASSINIE-MAFIA;98;NON COMMUNAL;6006;6006;2;Rural
13;SUD-COMOE;51;ADIAKE;5102;ASSINIE-MAFIA;98;NON COMMUNAL;6006;6006;2;Rural
13;SUD-COMOE;51;ADIAKE;5102;ASSINIE-MAFIA;98;NON COMMUNAL;6006;6006;2;Rural
13;SUD-COMOE;51;ADIAKE;5102;ASSINIE-MAFIA;98;NON COMMUNAL;6006;6006;2;Rural
13;SUD-COMOE;51;ADIAKE;5102;ASSINIE-MAFIA;98;NON COMMUNAL;6006;6006;2;Rural
13;SUD-COMOE;51;ADIAKE;5102;ASSINIE-MAFIA;98;NON COMMUNAL;6006;6006;2;Rural
13;SUD-COMOE;51;ADIAKE;5102;ASSINIE-MAFIA;98;NON COMMUNAL;6006;6006;2;Rural
13;SUD-COMOE;51;ADIAKE;5102;ASSINIE-MAFIA;98;NON COMMUNAL;6006;6006;2;Rural
13;SUD-COMOE;51;ADIAKE;5102;ASSINIE-MAFIA;98;NON COMMUNAL;6006;6006;2;Rural
13;SUD-COMOE;51;ADIAKE;5102;ASSINIE-MAFIA;98;NON COMMUNAL;6006;6006;2;Rural
13;SUD-COMOE;51;ADIAKE;5102;ASSINIE-MAFIA;98;NON COMMUNAL;6006;6006;2;Rural
13;SUD-COMOE;51;ADIAKE;5102;ASSINIE-MAFIA;98;NON COMMUNAL;6006;6006;2;Rural
13;SUD-COMOE;51;ADIAKE;5102;ASSINIE-MAFIA;98;NON COMMUNAL;6006;6006;2;Rural
13;SUD-COMOE;51;ADIAKE;5102;ASSINIE-MAFIA;98;NON COMMUNAL;6007;6007;2;Rural
13;SUD-COMOE;51;ADIAKE;5102;ASSINIE-MAFIA;98;NON COMMUNAL;6007;6007;2;Rural
13;SUD-COMOE;51;ADIAKE;5102;ASSINIE-MAFIA;98;NON COMMUNAL;6007;6007;2;Rural
13;SUD-COMOE;51;ADIAKE;5102;ASSINIE-MAFIA;98;NON COMMUNAL;6007;6007;2;Rural
13;SUD-COMOE;51;ADIAKE;5102;ASSINIE-MAFIA;98;NON COMMUNAL;6007;6007;2;Rural
13;SUD-COMOE;51;ADIAKE;5102;ASSINIE-MAFIA;98;NON COMMUNAL;6007;6007;2;Rural
13;SUD-COMOE;51;ADIAKE;5102;ASSINIE-MAFIA;98;NON COMMUNAL;6007;6007;2;Rural
13;SUD-COMOE;51;ADIAKE;5102;ASSINIE-MAFIA;98;NON COMMUNAL;6008;6008;2;Rural
13;SUD-COMOE;51;ADIAKE;5102;ASSINIE-MAFIA;98;NON COMMUNAL;6009;6009;2;Rural
13;SUD-COMOE;51;ADIAKE;5102;ASSINIE-MAFIA;98;NON COMMUNAL;6009;6009;2;Rural
13;SUD-COMOE;51;ADIAKE;5102;ASSINIE-MAFIA;98;NON COMMUNAL;6009;6009;2;Rural
13;SUD-COMOE;51;ADIAKE;5102;ASSINIE-MAFIA;98;NON COMMUNAL;6009;6009;2;Rural
13;SUD-COMOE;51;ADIAKE;5102;ASSINIE-MAFIA;98;NON COMMUNAL;6009;6009;2;Rural
13;SUD-COMOE;51;ADIAKE;5102;ASSINIE-MAFIA;98;NON COMMUNAL;6009;6009;2;Rural
13;SUD-COMOE;51;ADIAKE;5102;ASSINIE-MAFIA;98;NON COMMUNAL;6009;6009;2;Rural
13;SUD-COMOE;51;ADIAKE;5102;ASSINIE-MAFIA;98;NON COMMUNAL;6009;6009;2;Rural
13;SUD-COMOE;51;ADIAKE;5102;ASSINIE-MAFIA;98;NON COMMUNAL;6009;6009;2;Rural
13;SUD-COMOE;51;ADIAKE;5102;ASSINIE-MAFIA;98;NON COMMUNAL;6010;6010;2;Rural
13;SUD-COMOE;51;ADIAKE;5102;ASSINIE-MAFIA;98;NON COMMUNAL;6010;6010;2;Rural
13;SUD-COMOE;51;ADIAKE;5102;ASSINIE-MAFIA;98;NON COMMUNAL;6010;6010;2;Rural
13;SUD-COMOE;51;ADIAKE;5102;ASSINIE-MAFIA;98;NON COMMUNAL;6010;6010;2;Rural
13;SUD-COMOE;51;ADIAKE;5102;ASSINIE-MAFIA;98;NON COMMUNAL;6010;6010;2;Rural
13;SUD-COMOE;51;ADIAKE;5102;ASSINIE-MAFIA;98;NON COMMUNAL;6010;6010;2;Rural
13;SUD-COMOE;51;ADIAKE;5102;ASSINIE-MAFIA;98;NON COMMUNAL;6010;6010;2;Rural
13;SUD-COMOE;51;ADIAKE;5102;ASSINIE-MAFIA;98;NON COMMUNAL;6010;6010;2;Rural
13;SUD-COMOE;51;ADIAKE;5102;ASSINIE-MAFIA;98;NON COMMUNAL;6010;6010;2;Rural
13;SUD-COMOE;51;ADIAKE;5102;ASSINIE-MAFIA;98;NON COMMUNAL;6010;6010;2;Rural
13;SUD-COMOE;51;ADIAKE;5102;ASSINIE-MAFIA;98;NON COMMUNAL;6010;6010;2;Rural
13;SUD-COMOE;51;ADIAKE;5102;ASSINIE-MAFIA;98;NON COMMUNAL;6010;6010;2;Rural
15;L‚H-DJIBOUA;30;LAKOTA;3002;GAGORE;98;NON COMMUNAL;4002;4002;2;Rural
15;L‚H-DJIBOUA;30;LAKOTA;3002;GAGORE;98;NON COMMUNAL;4002;4002;2;Rural
15;L‚H-DJIBOUA;30;LAKOTA;3002;GAGORE;98;NON COMMUNAL;4002;4002;2;Rural
15;L‚H-DJIBOUA;30;LAKOTA;3002;GAGORE;98;NON COMMUNAL;4002;4002;2;Rural
15;L‚H-DJIBOUA;30;LAKOTA;3002;GAGORE;98;NON COMMUNAL;4002;4002;2;Rural
15;L‚H-DJIBOUA;30;LAKOTA;3002;GAGORE;98;NON COMMUNAL;4003;4003;2;Rural
15;L‚H-DJIBOUA;30;LAKOTA;3002;GAGORE;98;NON COMMUNAL;4003;4003;2;Rural
15;L‚H-DJIBOUA;30;LAKOTA;3002;GAGORE;98;NON COMMUNAL;4003;4003;2;Rural
15;L‚H-DJIBOUA;30;LAKOTA;3002;GAGORE;98;NON COMMUNAL;4003;4003;2;Rural
15;L‚H-DJIBOUA;30;LAKOTA;3002;GAGORE;98;NON COMMUNAL;4003;4003;2;Rural
15;L‚H-DJIBOUA;30;LAKOTA;3002;GAGORE;98;NON COMMUNAL;4003;4003;2;Rural
15;L‚H-DJIBOUA;30;LAKOTA;3002;GAGORE;98;NON COMMUNAL;4003;4003;2;Rural
15;L‚H-DJIBOUA;30;LAKOTA;3002;GAGORE;98;NON COMMUNAL;4003;4003;2;Rural
15;L‚H-DJIBOUA;30;LAKOTA;3002;GAGORE;98;NON COMMUNAL;4003;4003;2;Rural
15;L‚H-DJIBOUA;30;LAKOTA;3002;GAGORE;98;NON COMMUNAL;4003;4003;2;Rural
15;L‚H-DJIBOUA;30;LAKOTA;3002;GAGORE;98;NON COMMUNAL;4004;4004;2;Rural
15;L‚H-DJIBOUA;30;LAKOTA;3002;GAGORE;98;NON COMMUNAL;4004;4004;2;Rural
15;L‚H-DJIBOUA;30;LAKOTA;3002;GAGORE;98;NON COMMUNAL;4004;4004;2;Rural
15;L‚H-DJIBOUA;30;LAKOTA;3002;GAGORE;98;NON COMMUNAL;4004;4004;2;Rural
15;L‚H-DJIBOUA;30;LAKOTA;3002;GAGORE;98;NON COMMUNAL;4004;4004;2;Rural
15;L‚H-DJIBOUA;30;LAKOTA;3002;GAGORE;98;NON COMMUNAL;4004;4004;2;Rural
15;L‚H-DJIBOUA;30;LAKOTA;3002;GAGORE;98;NON COMMUNAL;4004;4004;2;Rural
15;L‚H-DJIBOUA;30;LAKOTA;3002;GAGORE;98;NON COMMUNAL;4004;4004;2;Rural
15;L‚H-DJIBOUA;30;LAKOTA;3002;GAGORE;98;NON COMMUNAL;4004;4004;2;Rural
15;L‚H-DJIBOUA;30;LAKOTA;3002;GAGORE;98;NON COMMUNAL;4004;4004;2;Rural
15;L‚H-DJIBOUA;30;LAKOTA;3002;GAGORE;98;NON COMMUNAL;4005;4005;2;Rural
15;L‚H-DJIBOUA;30;LAKOTA;3002;GAGORE;98;NON COMMUNAL;4005;4005;2;Rural
15;L‚H-DJIBOUA;30;LAKOTA;3002;GAGORE;98;NON COMMUNAL;4005;4005;2;Rural
15;L‚H-DJIBOUA;30;LAKOTA;3002;GAGORE;98;NON COMMUNAL;4005;4005;2;Rural
15;L‚H-DJIBOUA;30;LAKOTA;3002;GAGORE;98;NON COMMUNAL;4005;4005;2;Rural
15;L‚H-DJIBOUA;30;LAKOTA;3002;GAGORE;98;NON COMMUNAL;4005;4005;2;Rural
15;L‚H-DJIBOUA;30;LAKOTA;3002;GAGORE;98;NON COMMUNAL;4005;4005;2;Rural
15;L‚H-DJIBOUA;30;LAKOTA;3002;GAGORE;98;NON COMMUNAL;4005;4005;2;Rural
15;L‚H-DJIBOUA;30;LAKOTA;3002;GAGORE;98;NON COMMUNAL;4005;4005;2;Rural
15;L‚H-DJIBOUA;30;LAKOTA;3002;GAGORE;98;NON COMMUNAL;4005;4005;2;Rural
15;L‚H-DJIBOUA;30;LAKOTA;3002;GAGORE;98;NON COMMUNAL;4005;4005;2;Rural
15;L‚H-DJIBOUA;30;LAKOTA;3002;GAGORE;98;NON COMMUNAL;4005;4005;2;Rural
15;L‚H-DJIBOUA;30;LAKOTA;3002;GAGORE;98;NON COMMUNAL;4005;4005;2;Rural
15;L‚H-DJIBOUA;30;LAKOTA;3002;GAGORE;98;NON COMMUNAL;6012;6012;2;Rural
15;L‚H-DJIBOUA;30;LAKOTA;3002;GAGORE;98;NON COMMUNAL;6012;6012;2;Rural
15;L‚H-DJIBOUA;30;LAKOTA;3002;GAGORE;98;NON COMMUNAL;6012;6012;2;Rural
15;L‚H-DJIBOUA;30;LAKOTA;3002;GAGORE;98;NON COMMUNAL;6012;6012;2;Rural
15;L‚H-DJIBOUA;30;LAKOTA;3002;GAGORE;98;NON COMMUNAL;6012;6012;2;Rural
15;L‚H-DJIBOUA;30;LAKOTA;3002;GAGORE;98;NON COMMUNAL;6012;6012;2;Rural
15;L‚H-DJIBOUA;30;LAKOTA;3002;GAGORE;98;NON COMMUNAL;6012;6012;2;Rural
15;L‚H-DJIBOUA;30;LAKOTA;3002;GAGORE;98;NON COMMUNAL;6012;6012;2;Rural
15;L‚H-DJIBOUA;30;LAKOTA;3002;GAGORE;98;NON COMMUNAL;6012;6012;2;Rural
15;L‚H-DJIBOUA;30;LAKOTA;3002;GAGORE;98;NON COMMUNAL;6012;6012;2;Rural
15;L‚H-DJIBOUA;30;LAKOTA;3002;GAGORE;98;NON COMMUNAL;6012;6012;2;Rural
15;L‚H-DJIBOUA;30;LAKOTA;3002;GAGORE;98;NON COMMUNAL;6012;6012;2;Rural
15;L‚H-DJIBOUA;30;LAKOTA;3002;GAGORE;98;NON COMMUNAL;6012;6012;2;Rural
15;L‚H-DJIBOUA;30;LAKOTA;3002;GAGORE;98;NON COMMUNAL;6012;6012;2;Rural
15;L‚H-DJIBOUA;30;LAKOTA;3002;GAGORE;98;NON COMMUNAL;6013;6013;2;Rural
15;L‚H-DJIBOUA;30;LAKOTA;3002;GAGORE;98;NON COMMUNAL;6013;6013;2;Rural
15;L‚H-DJIBOUA;30;LAKOTA;3002;GAGORE;98;NON COMMUNAL;6013;6013;2;Rural
15;L‚H-DJIBOUA;30;LAKOTA;3002;GAGORE;98;NON COMMUNAL;6013;6013;2;Rural
15;L‚H-DJIBOUA;30;LAKOTA;3002;GAGORE;98;NON COMMUNAL;6013;6013;2;Rural
15;L‚H-DJIBOUA;30;LAKOTA;3002;GAGORE;98;NON COMMUNAL;6013;6013;2;Rural
15;L‚H-DJIBOUA;30;LAKOTA;3002;GAGORE;98;NON COMMUNAL;6013;6013;2;Rural
15;L‚H-DJIBOUA;30;LAKOTA;3002;GAGORE;98;NON COMMUNAL;6013;6013;2;Rural
15;L‚H-DJIBOUA;30;LAKOTA;3002;GAGORE;98;NON COMMUNAL;6013;6013;2;Rural
15;L‚H-DJIBOUA;30;LAKOTA;3002;GAGORE;98;NON COMMUNAL;6013;6013;2;Rural
15;L‚H-DJIBOUA;30;LAKOTA;3002;GAGORE;98;NON COMMUNAL;6013;6013;2;Rural
15;L‚H-DJIBOUA;30;LAKOTA;3002;GAGORE;98;NON COMMUNAL;6014;6014;2;Rural
15;L‚H-DJIBOUA;30;LAKOTA;3002;GAGORE;98;NON COMMUNAL;6014;6014;2;Rural
15;L‚H-DJIBOUA;30;LAKOTA;3002;GAGORE;98;NON COMMUNAL;6014;6014;2;Rural
15;L‚H-DJIBOUA;30;LAKOTA;3002;GAGORE;98;NON COMMUNAL;6014;6014;2;Rural
15;L‚H-DJIBOUA;30;LAKOTA;3002;GAGORE;98;NON COMMUNAL;6014;6014;2;Rural
15;L‚H-DJIBOUA;30;LAKOTA;3002;GAGORE;98;NON COMMUNAL;6014;6014;2;Rural
15;L‚H-DJIBOUA;30;LAKOTA;3002;GAGORE;98;NON COMMUNAL;6014;6014;2;Rural
15;L‚H-DJIBOUA;30;LAKOTA;3002;GAGORE;98;NON COMMUNAL;6014;6014;2;Rural
15;L‚H-DJIBOUA;30;LAKOTA;3002;GAGORE;98;NON COMMUNAL;6014;6014;2;Rural
15;L‚H-DJIBOUA;30;LAKOTA;3002;GAGORE;98;NON COMMUNAL;6014;6014;2;Rural
15;L‚H-DJIBOUA;30;LAKOTA;3002;GAGORE;98;NON COMMUNAL;6014;6014;2;Rural
15;L‚H-DJIBOUA;30;LAKOTA;3002;GAGORE;98;NON COMMUNAL;6014;6014;2;Rural
15;L‚H-DJIBOUA;30;LAKOTA;3002;GAGORE;98;NON COMMUNAL;6014;6014;2;Rural
15;L‚H-DJIBOUA;30;LAKOTA;3002;GAGORE;98;NON COMMUNAL;6014;6014;2;Rural
15;L‚H-DJIBOUA;30;LAKOTA;3002;GAGORE;98;NON COMMUNAL;6014;6014;2;Rural
15;L‚H-DJIBOUA;30;LAKOTA;3002;GAGORE;98;NON COMMUNAL;6014;6014;2;Rural
15;L‚H-DJIBOUA;30;LAKOTA;3002;GAGORE;98;NON COMMUNAL;6014;6014;2;Rural
15;L‚H-DJIBOUA;30;LAKOTA;3002;GAGORE;98;NON COMMUNAL;6014;6014;2;Rural
15;L‚H-DJIBOUA;30;LAKOTA;3002;GAGORE;98;NON COMMUNAL;6014;6014;2;Rural
15;L‚H-DJIBOUA;30;LAKOTA;3002;GAGORE;98;NON COMMUNAL;6014;6014;2;Rural
15;L‚H-DJIBOUA;30;LAKOTA;3002;GAGORE;98;NON COMMUNAL;6014;6014;2;Rural
15;L‚H-DJIBOUA;30;LAKOTA;3002;GAGORE;98;NON COMMUNAL;6014;6014;2;Rural
15;L‚H-DJIBOUA;30;LAKOTA;3002;GAGORE;98;NON COMMUNAL;6014;6014;2;Rural
15;L‚H-DJIBOUA;30;LAKOTA;3002;GAGORE;98;NON COMMUNAL;6015;6015;2;Rural
15;L‚H-DJIBOUA;30;LAKOTA;3002;GAGORE;98;NON COMMUNAL;6015;6015;2;Rural
15;L‚H-DJIBOUA;30;LAKOTA;3002;GAGORE;98;NON COMMUNAL;6015;6015;2;Rural
15;L‚H-DJIBOUA;30;LAKOTA;3002;GAGORE;98;NON COMMUNAL;6015;6015;2;Rural
15;L‚H-DJIBOUA;30;LAKOTA;3002;GAGORE;98;NON COMMUNAL;6015;6015;2;Rural
15;L‚H-DJIBOUA;30;LAKOTA;3002;GAGORE;98;NON COMMUNAL;6015;6015;2;Rural
15;L‚H-DJIBOUA;30;LAKOTA;3002;GAGORE;98;NON COMMUNAL;6015;6015;2;Rural
15;L‚H-DJIBOUA;30;LAKOTA;3002;GAGORE;98;NON COMMUNAL;6015;6015;2;Rural
15;L‚H-DJIBOUA;30;LAKOTA;3002;GAGORE;98;NON COMMUNAL;6015;6015;2;Rural
15;L‚H-DJIBOUA;30;LAKOTA;3002;GAGORE;98;NON COMMUNAL;6015;6015;2;Rural
15;L‚H-DJIBOUA;30;LAKOTA;3002;GAGORE;98;NON COMMUNAL;6015;6015;2;Rural
15;L‚H-DJIBOUA;30;LAKOTA;3002;GAGORE;98;NON COMMUNAL;6015;6015;2;Rural
15;L‚H-DJIBOUA;30;LAKOTA;3002;GAGORE;98;NON COMMUNAL;6015;6015;2;Rural
15;L‚H-DJIBOUA;30;LAKOTA;3002;GAGORE;98;NON COMMUNAL;6015;6015;2;Rural
20;BAGOUE;44;TENGRELA;4403;PAPARA;98;NON COMMUNAL;4001;4001;1;Urbain
20;BAGOUE;44;TENGRELA;4403;PAPARA;98;NON COMMUNAL;4001;4001;1;Urbain
20;BAGOUE;44;TENGRELA;4403;PAPARA;98;NON COMMUNAL;4001;4001;2;Rural
20;BAGOUE;44;TENGRELA;4403;PAPARA;98;NON COMMUNAL;4001;4001;2;Rural
20;BAGOUE;44;TENGRELA;4403;PAPARA;98;NON COMMUNAL;4001;4001;2;Rural
20;BAGOUE;44;TENGRELA;4403;PAPARA;98;NON COMMUNAL;4001;4001;2;Rural
20;BAGOUE;44;TENGRELA;4403;PAPARA;98;NON COMMUNAL;4001;4001;2;Rural
20;BAGOUE;44;TENGRELA;4403;PAPARA;98;NON COMMUNAL;4001;4001;2;Rural
20;BAGOUE;44;TENGRELA;4403;PAPARA;98;NON COMMUNAL;4001;4001;2;Rural
20;BAGOUE;44;TENGRELA;4403;PAPARA;98;NON COMMUNAL;4001;4001;2;Rural
20;BAGOUE;44;TENGRELA;4403;PAPARA;98;NON COMMUNAL;4001;4001;2;Rural
20;BAGOUE;44;TENGRELA;4403;PAPARA;98;NON COMMUNAL;4001;4001;2;Rural
20;BAGOUE;44;TENGRELA;4403;PAPARA;98;NON COMMUNAL;4001;4001;2;Rural
20;BAGOUE;44;TENGRELA;4403;PAPARA;98;NON COMMUNAL;4001;4001;2;Rural
20;BAGOUE;44;TENGRELA;4403;PAPARA;98;NON COMMUNAL;4001;4001;2;Rural
20;BAGOUE;44;TENGRELA;4403;PAPARA;98;NON COMMUNAL;4001;4001;2;Rural
20;BAGOUE;44;TENGRELA;4403;PAPARA;98;NON COMMUNAL;4001;4001;2;Rural
20;BAGOUE;44;TENGRELA;4403;PAPARA;98;NON COMMUNAL;4001;4001;2;Rural
20;BAGOUE;44;TENGRELA;4403;PAPARA;98;NON COMMUNAL;4001;4001;2;Rural
20;BAGOUE;44;TENGRELA;4403;PAPARA;98;NON COMMUNAL;4002;4002;1;Urbain
20;BAGOUE;44;TENGRELA;4403;PAPARA;98;NON COMMUNAL;4002;4002;2;Rural
20;BAGOUE;44;TENGRELA;4403;PAPARA;98;NON COMMUNAL;4002;4002;2;Rural
20;BAGOUE;44;TENGRELA;4403;PAPARA;98;NON COMMUNAL;4002;4002;2;Rural
20;BAGOUE;44;TENGRELA;4403;PAPARA;98;NON COMMUNAL;4002;4002;2;Rural
20;BAGOUE;44;TENGRELA;4403;PAPARA;98;NON COMMUNAL;4002;4002;2;Rural
20;BAGOUE;44;TENGRELA;4403;PAPARA;98;NON COMMUNAL;4002;4002;2;Rural
20;BAGOUE;44;TENGRELA;4403;PAPARA;98;NON COMMUNAL;4002;4002;2;Rural
20;BAGOUE;44;TENGRELA;4403;PAPARA;98;NON COMMUNAL;4002;4002;2;Rural
20;BAGOUE;44;TENGRELA;4403;PAPARA;98;NON COMMUNAL;4003;4003;1;Urbain
20;BAGOUE;44;TENGRELA;4403;PAPARA;98;NON COMMUNAL;4003;4003;1;Urbain
20;BAGOUE;44;TENGRELA;4403;PAPARA;98;NON COMMUNAL;4003;4003;2;Rural
20;BAGOUE;44;TENGRELA;4403;PAPARA;98;NON COMMUNAL;4003;4003;2;Rural
20;BAGOUE;44;TENGRELA;4403;PAPARA;98;NON COMMUNAL;4003;4003;2;Rural
20;BAGOUE;44;TENGRELA;4403;PAPARA;98;NON COMMUNAL;4003;4003;2;Rural
20;BAGOUE;44;TENGRELA;4403;PAPARA;98;NON COMMUNAL;4004;4004;2;Rural
20;BAGOUE;44;TENGRELA;4403;PAPARA;98;NON COMMUNAL;4004;4004;2;Rural
20;BAGOUE;44;TENGRELA;4403;PAPARA;98;NON COMMUNAL;4004;4004;2;Rural
20;BAGOUE;44;TENGRELA;4403;PAPARA;98;NON COMMUNAL;4004;4004;2;Rural
20;BAGOUE;44;TENGRELA;4403;PAPARA;98;NON COMMUNAL;4004;4004;2;Rural
20;BAGOUE;44;TENGRELA;4403;PAPARA;98;NON COMMUNAL;4004;4004;2;Rural
20;BAGOUE;44;TENGRELA;4403;PAPARA;98;NON COMMUNAL;4004;4004;2;Rural
20;BAGOUE;44;TENGRELA;4403;PAPARA;98;NON COMMUNAL;4004;4004;2;Rural
20;BAGOUE;44;TENGRELA;4403;PAPARA;98;NON COMMUNAL;4004;4004;2;Rural
20;BAGOUE;44;TENGRELA;4403;PAPARA;98;NON COMMUNAL;4004;4004;2;Rural
20;BAGOUE;44;TENGRELA;4403;PAPARA;98;NON COMMUNAL;4005;4005;2;Rural
20;BAGOUE;44;TENGRELA;4403;PAPARA;98;NON COMMUNAL;4005;4005;2;Rural
20;BAGOUE;44;TENGRELA;4403;PAPARA;98;NON COMMUNAL;4005;4005;2;Rural
20;BAGOUE;44;TENGRELA;4403;PAPARA;98;NON COMMUNAL;4005;4005;2;Rural
20;BAGOUE;44;TENGRELA;4403;PAPARA;98;NON COMMUNAL;4005;4005;2;Rural
20;BAGOUE;44;TENGRELA;4403;PAPARA;98;NON COMMUNAL;4005;4005;2;Rural
20;BAGOUE;44;TENGRELA;4403;PAPARA;98;NON COMMUNAL;4005;4005;2;Rural
20;BAGOUE;44;TENGRELA;4403;PAPARA;98;NON COMMUNAL;4005;4005;2;Rural
20;BAGOUE;44;TENGRELA;4403;PAPARA;98;NON COMMUNAL;4005;4005;2;Rural
20;BAGOUE;44;TENGRELA;4403;PAPARA;98;NON COMMUNAL;4005;4005;2;Rural
20;BAGOUE;44;TENGRELA;4403;PAPARA;98;NON COMMUNAL;6001;6001;2;Rural
20;BAGOUE;44;TENGRELA;4403;PAPARA;98;NON COMMUNAL;6001;6001;2;Rural
20;BAGOUE;44;TENGRELA;4403;PAPARA;98;NON COMMUNAL;6001;6001;2;Rural
20;BAGOUE;44;TENGRELA;4403;PAPARA;98;NON COMMUNAL;6001;6001;2;Rural
20;BAGOUE;44;TENGRELA;4403;PAPARA;98;NON COMMUNAL;6001;6001;2;Rural
20;BAGOUE;44;TENGRELA;4403;PAPARA;98;NON COMMUNAL;6001;6001;2;Rural
20;BAGOUE;44;TENGRELA;4403;PAPARA;98;NON COMMUNAL;6001;6001;2;Rural
20;BAGOUE;44;TENGRELA;4403;PAPARA;98;NON COMMUNAL;6001;6001;2;Rural
20;BAGOUE;44;TENGRELA;4403;PAPARA;98;NON COMMUNAL;6001;6001;2;Rural
20;BAGOUE;44;TENGRELA;4403;PAPARA;98;NON COMMUNAL;6001;6001;2;Rural
20;BAGOUE;44;TENGRELA;4403;PAPARA;98;NON COMMUNAL;6001;6001;2;Rural
20;BAGOUE;44;TENGRELA;4403;PAPARA;98;NON COMMUNAL;6001;6001;2;Rural
20;BAGOUE;44;TENGRELA;4403;PAPARA;98;NON COMMUNAL;6001;6001;2;Rural
20;BAGOUE;44;TENGRELA;4403;PAPARA;98;NON COMMUNAL;6001;6001;2;Rural
20;BAGOUE;44;TENGRELA;4403;PAPARA;98;NON COMMUNAL;6001;6001;2;Rural
20;BAGOUE;44;TENGRELA;4403;PAPARA;98;NON COMMUNAL;6001;6001;2;Rural
20;BAGOUE;44;TENGRELA;4403;PAPARA;98;NON COMMUNAL;6001;6001;2;Rural
20;BAGOUE;44;TENGRELA;4403;PAPARA;98;NON COMMUNAL;6001;6001;2;Rural
20;BAGOUE;44;TENGRELA;4403;PAPARA;98;NON COMMUNAL;6001;6001;2;Rural
20;BAGOUE;44;TENGRELA;4403;PAPARA;98;NON COMMUNAL;6001;6001;2;Rural
20;BAGOUE;44;TENGRELA;4403;PAPARA;98;NON COMMUNAL;6001;6001;2;Rural
20;BAGOUE;44;TENGRELA;4403;PAPARA;98;NON COMMUNAL;6001;6001;2;Rural
20;BAGOUE;44;TENGRELA;4403;PAPARA;98;NON COMMUNAL;6001;6001;2;Rural
20;BAGOUE;44;TENGRELA;4403;PAPARA;98;NON COMMUNAL;6001;6001;2;Rural
20;BAGOUE;44;TENGRELA;4403;PAPARA;98;NON COMMUNAL;6001;6001;2;Rural
20;BAGOUE;44;TENGRELA;4403;PAPARA;98;NON COMMUNAL;6001;6001;2;Rural
20;BAGOUE;44;TENGRELA;4403;PAPARA;98;NON COMMUNAL;6001;6001;2;Rural
20;BAGOUE;44;TENGRELA;4403;PAPARA;98;NON COMMUNAL;6001;6001;2;Rural
20;BAGOUE;44;TENGRELA;4403;PAPARA;98;NON COMMUNAL;6001;6001;2;Rural
20;BAGOUE;44;TENGRELA;4403;PAPARA;98;NON COMMUNAL;6001;6001;2;Rural
20;BAGOUE;44;TENGRELA;4403;PAPARA;98;NON COMMUNAL;6001;6001;2;Rural
20;BAGOUE;44;TENGRELA;4403;PAPARA;98;NON COMMUNAL;6001;6001;2;Rural
20;BAGOUE;44;TENGRELA;4403;PAPARA;98;NON COMMUNAL;6001;6001;2;Rural
20;BAGOUE;44;TENGRELA;4403;PAPARA;98;NON COMMUNAL;6001;6001;2;Rural
20;BAGOUE;44;TENGRELA;4403;PAPARA;98;NON COMMUNAL;6001;6001;2;Rural
20;BAGOUE;44;TENGRELA;4403;PAPARA;98;NON COMMUNAL;6001;6001;2;Rural
20;BAGOUE;44;TENGRELA;4403;PAPARA;98;NON COMMUNAL;6001;6001;2;Rural
20;BAGOUE;44;TENGRELA;4403;PAPARA;98;NON COMMUNAL;6001;6001;2;Rural
20;BAGOUE;44;TENGRELA;4403;PAPARA;98;NON COMMUNAL;6002;6002;2;Rural
20;BAGOUE;44;TENGRELA;4403;PAPARA;98;NON COMMUNAL;6002;6002;2;Rural
20;BAGOUE;44;TENGRELA;4403;PAPARA;98;NON COMMUNAL;6002;6002;2;Rural
20;BAGOUE;44;TENGRELA;4403;PAPARA;98;NON COMMUNAL;6002;6002;2;Rural
20;BAGOUE;44;TENGRELA;4403;PAPARA;98;NON COMMUNAL;6002;6002;2;Rural
20;BAGOUE;44;TENGRELA;4403;PAPARA;98;NON COMMUNAL;6002;6002;2;Rural
20;BAGOUE;44;TENGRELA;4403;PAPARA;98;NON COMMUNAL;6002;6002;2;Rural
20;BAGOUE;44;TENGRELA;4403;PAPARA;98;NON COMMUNAL;6002;6002;2;Rural
20;BAGOUE;44;TENGRELA;4403;PAPARA;98;NON COMMUNAL;6002;6002;2;Rural
20;BAGOUE;44;TENGRELA;4403;PAPARA;98;NON COMMUNAL;6002;6002;2;Rural
20;BAGOUE;44;TENGRELA;4403;PAPARA;98;NON COMMUNAL;6002;6002;2;Rural
20;BAGOUE;44;TENGRELA;4403;PAPARA;98;NON COMMUNAL;6002;6002;2;Rural
20;BAGOUE;44;TENGRELA;4403;PAPARA;98;NON COMMUNAL;6002;6002;2;Rural
20;BAGOUE;44;TENGRELA;4403;PAPARA;98;NON COMMUNAL;6002;6002;2;Rural
20;BAGOUE;44;TENGRELA;4403;PAPARA;98;NON COMMUNAL;6002;6002;2;Rural
20;BAGOUE;44;TENGRELA;4403;PAPARA;98;NON COMMUNAL;6002;6002;2;Rural
20;BAGOUE;44;TENGRELA;4403;PAPARA;98;NON COMMUNAL;6002;6002;2;Rural
20;BAGOUE;44;TENGRELA;4403;PAPARA;98;NON COMMUNAL;6002;6002;2;Rural
20;BAGOUE;44;TENGRELA;4403;PAPARA;98;NON COMMUNAL;6002;6002;2;Rural
20;BAGOUE;44;TENGRELA;4403;PAPARA;98;NON COMMUNAL;6002;6002;2;Rural
20;BAGOUE;44;TENGRELA;4403;PAPARA;98;NON COMMUNAL;6002;6002;2;Rural
20;BAGOUE;44;TENGRELA;4403;PAPARA;98;NON COMMUNAL;6002;6002;2;Rural
20;BAGOUE;44;TENGRELA;4403;PAPARA;98;NON COMMUNAL;6002;6002;2;Rural
20;BAGOUE;44;TENGRELA;4403;PAPARA;98;NON COMMUNAL;6002;6002;2;Rural
20;BAGOUE;44;TENGRELA;4403;PAPARA;98;NON COMMUNAL;6003;6003;2;Rural
20;BAGOUE;44;TENGRELA;4403;PAPARA;98;NON COMMUNAL;6003;6003;2;Rural
20;BAGOUE;44;TENGRELA;4403;PAPARA;98;NON COMMUNAL;6003;6003;2;Rural
20;BAGOUE;44;TENGRELA;4403;PAPARA;98;NON COMMUNAL;6003;6003;2;Rural
20;BAGOUE;44;TENGRELA;4403;PAPARA;98;NON COMMUNAL;6003;6003;2;Rural
20;BAGOUE;44;TENGRELA;4403;PAPARA;98;NON COMMUNAL;6003;6003;2;Rural
20;BAGOUE;44;TENGRELA;4403;PAPARA;98;NON COMMUNAL;6003;6003;2;Rural
20;BAGOUE;44;TENGRELA;4403;PAPARA;98;NON COMMUNAL;6003;6003;2;Rural
20;BAGOUE;44;TENGRELA;4403;PAPARA;98;NON COMMUNAL;6003;6003;2;Rural
20;BAGOUE;44;TENGRELA;4403;PAPARA;98;NON COMMUNAL;6003;6003;2;Rural
20;BAGOUE;44;TENGRELA;4403;PAPARA;98;NON COMMUNAL;6003;6003;2;Rural
20;BAGOUE;44;TENGRELA;4403;PAPARA;98;NON COMMUNAL;6003;6003;2;Rural
20;BAGOUE;44;TENGRELA;4403;PAPARA;98;NON COMMUNAL;6003;6003;2;Rural
20;BAGOUE;44;TENGRELA;4403;PAPARA;98;NON COMMUNAL;6003;6003;2;Rural
20;BAGOUE;44;TENGRELA;4403;PAPARA;98;NON COMMUNAL;6003;6003;2;Rural
20;BAGOUE;44;TENGRELA;4403;PAPARA;98;NON COMMUNAL;6003;6003;2;Rural
20;BAGOUE;44;TENGRELA;4403;PAPARA;98;NON COMMUNAL;6003;6003;2;Rural
20;BAGOUE;44;TENGRELA;4403;PAPARA;98;NON COMMUNAL;6003;6003;2;Rural
20;BAGOUE;44;TENGRELA;4403;PAPARA;98;NON COMMUNAL;6003;6003;2;Rural
20;BAGOUE;44;TENGRELA;4403;PAPARA;98;NON COMMUNAL;6003;6003;2;Rural
20;BAGOUE;44;TENGRELA;4403;PAPARA;98;NON COMMUNAL;6003;6003;2;Rural
20;BAGOUE;44;TENGRELA;4403;PAPARA;98;NON COMMUNAL;6003;6003;2;Rural
20;BAGOUE;44;TENGRELA;4403;PAPARA;98;NON COMMUNAL;6003;6003;2;Rural
20;BAGOUE;44;TENGRELA;4403;PAPARA;98;NON COMMUNAL;6003;6003;2;Rural
20;BAGOUE;44;TENGRELA;4403;PAPARA;98;NON COMMUNAL;6003;6003;2;Rural
20;BAGOUE;44;TENGRELA;4403;PAPARA;98;NON COMMUNAL;6003;6003;2;Rural
20;BAGOUE;44;TENGRELA;4403;PAPARA;98;NON COMMUNAL;6003;6003;2;Rural
23;BOUNKANI;91;TEHINI;9102;TEHINI;1;COMMUNAL;4001;4001;1;Urbain
23;BOUNKANI;91;TEHINI;9102;TEHINI;1;COMMUNAL;4001;4001;1;Urbain
23;BOUNKANI;91;TEHINI;9102;TEHINI;1;COMMUNAL;4001;4001;1;Urbain
23;BOUNKANI;91;TEHINI;9102;TEHINI;1;COMMUNAL;4001;4001;1;Urbain
23;BOUNKANI;91;TEHINI;9102;TEHINI;1;COMMUNAL;4001;4001;1;Urbain
23;BOUNKANI;91;TEHINI;9102;TEHINI;1;COMMUNAL;4001;4001;1;Urbain
23;BOUNKANI;91;TEHINI;9102;TEHINI;1;COMMUNAL;4001;4001;1;Urbain
23;BOUNKANI;91;TEHINI;9102;TEHINI;1;COMMUNAL;4001;4001;1;Urbain
23;BOUNKANI;91;TEHINI;9102;TEHINI;1;COMMUNAL;4001;4001;1;Urbain
23;BOUNKANI;91;TEHINI;9102;TEHINI;1;COMMUNAL;4001;4001;1;Urbain
23;BOUNKANI;91;TEHINI;9102;TEHINI;1;COMMUNAL;4001;4001;1;Urbain
23;BOUNKANI;91;TEHINI;9102;TEHINI;1;COMMUNAL;4001;4001;1;Urbain
23;BOUNKANI;91;TEHINI;9102;TEHINI;1;COMMUNAL;4001;4001;1;Urbain
23;BOUNKANI;91;TEHINI;9102;TEHINI;1;COMMUNAL;4001;4001;1;Urbain
23;BOUNKANI;91;TEHINI;9102;TEHINI;1;COMMUNAL;4001;4001;1;Urbain
23;BOUNKANI;91;TEHINI;9102;TEHINI;1;COMMUNAL;4001;4001;1;Urbain
23;BOUNKANI;91;TEHINI;9102;TEHINI;1;COMMUNAL;4001;4001;1;Urbain
23;BOUNKANI;91;TEHINI;9102;TEHINI;1;COMMUNAL;4001;4001;1;Urbain
23;BOUNKANI;91;TEHINI;9102;TEHINI;1;COMMUNAL;4001;4001;1;Urbain
23;BOUNKANI;91;TEHINI;9102;TEHINI;1;COMMUNAL;4001;4001;1;Urbain
23;BOUNKANI;91;TEHINI;9102;TEHINI;1;COMMUNAL;4001;4001;1;Urbain
23;BOUNKANI;91;TEHINI;9102;TEHINI;1;COMMUNAL;4001;4001;1;Urbain
23;BOUNKANI;91;TEHINI;9102;TEHINI;1;COMMUNAL;4002;4002;1;Urbain
23;BOUNKANI;91;TEHINI;9102;TEHINI;1;COMMUNAL;4002;4002;1;Urbain
23;BOUNKANI;91;TEHINI;9102;TEHINI;1;COMMUNAL;4002;4002;1;Urbain
23;BOUNKANI;91;TEHINI;9102;TEHINI;1;COMMUNAL;4002;4002;1;Urbain
23;BOUNKANI;91;TEHINI;9102;TEHINI;1;COMMUNAL;4002;4002;1;Urbain
23;BOUNKANI;91;TEHINI;9102;TEHINI;1;COMMUNAL;4002;4002;1;Urbain
23;BOUNKANI;91;TEHINI;9102;TEHINI;1;COMMUNAL;4002;4002;1;Urbain
23;BOUNKANI;91;TEHINI;9102;TEHINI;1;COMMUNAL;4002;4002;1;Urbain
23;BOUNKANI;91;TEHINI;9102;TEHINI;1;COMMUNAL;4002;4002;1;Urbain
23;BOUNKANI;91;TEHINI;9102;TEHINI;1;COMMUNAL;4002;4002;1;Urbain
23;BOUNKANI;91;TEHINI;9102;TEHINI;1;COMMUNAL;4002;4002;1;Urbain
23;BOUNKANI;91;TEHINI;9102;TEHINI;1;COMMUNAL;4002;4002;1;Urbain
23;BOUNKANI;91;TEHINI;9102;TEHINI;1;COMMUNAL;4002;4002;1;Urbain
23;BOUNKANI;91;TEHINI;9102;TEHINI;1;COMMUNAL;4002;4002;1;Urbain
23;BOUNKANI;91;TEHINI;9102;TEHINI;1;COMMUNAL;4002;4002;1;Urbain
23;BOUNKANI;91;TEHINI;9102;TEHINI;1;COMMUNAL;4002;4002;1;Urbain
23;BOUNKANI;91;TEHINI;9102;TEHINI;1;COMMUNAL;4002;4002;1;Urbain
23;BOUNKANI;91;TEHINI;9102;TEHINI;1;COMMUNAL;4002;4002;1;Urbain
23;BOUNKANI;91;TEHINI;9102;TEHINI;1;COMMUNAL;4002;4002;1;Urbain
23;BOUNKANI;91;TEHINI;9102;TEHINI;1;COMMUNAL;4002;4002;1;Urbain
23;BOUNKANI;91;TEHINI;9102;TEHINI;1;COMMUNAL;4002;4002;1;Urbain
23;BOUNKANI;91;TEHINI;9102;TEHINI;1;COMMUNAL;4003;4003;1;Urbain
23;BOUNKANI;91;TEHINI;9102;TEHINI;1;COMMUNAL;4003;4003;1;Urbain
23;BOUNKANI;91;TEHINI;9102;TEHINI;1;COMMUNAL;4003;4003;1;Urbain
23;BOUNKANI;91;TEHINI;9102;TEHINI;1;COMMUNAL;4003;4003;1;Urbain
23;BOUNKANI;91;TEHINI;9102;TEHINI;1;COMMUNAL;4003;4003;1;Urbain
23;BOUNKANI;91;TEHINI;9102;TEHINI;1;COMMUNAL;4003;4003;1;Urbain
23;BOUNKANI;91;TEHINI;9102;TEHINI;1;COMMUNAL;4003;4003;1;Urbain
23;BOUNKANI;91;TEHINI;9102;TEHINI;1;COMMUNAL;4003;4003;1;Urbain
23;BOUNKANI;91;TEHINI;9102;TEHINI;1;COMMUNAL;4003;4003;1;Urbain
23;BOUNKANI;91;TEHINI;9102;TEHINI;1;COMMUNAL;4003;4003;1;Urbain
23;BOUNKANI;91;TEHINI;9102;TEHINI;1;COMMUNAL;4003;4003;1;Urbain
23;BOUNKANI;91;TEHINI;9102;TEHINI;1;COMMUNAL;4003;4003;1;Urbain
23;BOUNKANI;91;TEHINI;9102;TEHINI;1;COMMUNAL;4003;4003;1;Urbain
23;BOUNKANI;91;TEHINI;9102;TEHINI;1;COMMUNAL;4003;4003;1;Urbain
23;BOUNKANI;91;TEHINI;9102;TEHINI;1;COMMUNAL;4003;4003;1;Urbain
23;BOUNKANI;91;TEHINI;9102;TEHINI;1;COMMUNAL;4003;4003;1;Urbain
23;BOUNKANI;91;TEHINI;9102;TEHINI;1;COMMUNAL;4003;4003;1;Urbain
23;BOUNKANI;91;TEHINI;9102;TEHINI;1;COMMUNAL;4003;4003;1;Urbain
23;BOUNKANI;91;TEHINI;9102;TEHINI;1;COMMUNAL;4003;4003;1;Urbain
23;BOUNKANI;91;TEHINI;9102;TEHINI;1;COMMUNAL;4003;4003;1;Urbain
23;BOUNKANI;91;TEHINI;9102;TEHINI;1;COMMUNAL;4003;4003;1;Urbain
23;BOUNKANI;91;TEHINI;9102;TEHINI;1;COMMUNAL;4003;4003;1;Urbain
23;BOUNKANI;91;TEHINI;9102;TEHINI;1;COMMUNAL;4003;4003;1;Urbain
23;BOUNKANI;91;TEHINI;9102;TEHINI;1;COMMUNAL;4003;4003;1;Urbain
23;BOUNKANI;91;TEHINI;9102;TEHINI;1;COMMUNAL;4003;4003;1;Urbain
23;BOUNKANI;91;TEHINI;9102;TEHINI;1;COMMUNAL;4003;4003;1;Urbain
23;BOUNKANI;91;TEHINI;9102;TEHINI;1;COMMUNAL;4003;4003;1;Urbain
23;BOUNKANI;91;TEHINI;9102;TEHINI;1;COMMUNAL;6001;6001;2;Rural
23;BOUNKANI;91;TEHINI;9102;TEHINI;1;COMMUNAL;6001;6001;2;Rural
23;BOUNKANI;91;TEHINI;9102;TEHINI;1;COMMUNAL;6001;6001;2;Rural
23;BOUNKANI;91;TEHINI;9102;TEHINI;1;COMMUNAL;6001;6001;2;Rural
23;BOUNKANI;91;TEHINI;9102;TEHINI;1;COMMUNAL;6001;6001;2;Rural
23;BOUNKANI;91;TEHINI;9102;TEHINI;1;COMMUNAL;6001;6001;2;Rural
23;BOUNKANI;91;TEHINI;9102;TEHINI;1;COMMUNAL;6001;6001;2;Rural
23;BOUNKANI;91;TEHINI;9102;TEHINI;1;COMMUNAL;6001;6001;2;Rural
23;BOUNKANI;91;TEHINI;9102;TEHINI;1;COMMUNAL;6001;6001;2;Rural
23;BOUNKANI;91;TEHINI;9102;TEHINI;1;COMMUNAL;6001;6001;2;Rural
23;BOUNKANI;91;TEHINI;9102;TEHINI;1;COMMUNAL;6001;6001;2;Rural
23;BOUNKANI;91;TEHINI;9102;TEHINI;1;COMMUNAL;6001;6001;2;Rural
23;BOUNKANI;91;TEHINI;9102;TEHINI;1;COMMUNAL;6001;6001;2;Rural
23;BOUNKANI;91;TEHINI;9102;TEHINI;1;COMMUNAL;6001;6001;2;Rural
23;BOUNKANI;91;TEHINI;9102;TEHINI;1;COMMUNAL;6001;6001;2;Rural
23;BOUNKANI;91;TEHINI;9102;TEHINI;1;COMMUNAL;6001;6001;2;Rural
23;BOUNKANI;91;TEHINI;9102;TEHINI;1;COMMUNAL;6001;6001;2;Rural
23;BOUNKANI;91;TEHINI;9102;TEHINI;1;COMMUNAL;6001;6001;2;Rural
23;BOUNKANI;91;TEHINI;9102;TEHINI;1;COMMUNAL;6001;6001;2;Rural
23;BOUNKANI;91;TEHINI;9102;TEHINI;1;COMMUNAL;6001;6001;2;Rural
23;BOUNKANI;91;TEHINI;9102;TEHINI;1;COMMUNAL;6001;6001;2;Rural
23;BOUNKANI;91;TEHINI;9102;TEHINI;1;COMMUNAL;6001;6001;2;Rural
23;BOUNKANI;91;TEHINI;9102;TEHINI;1;COMMUNAL;6001;6001;2;Rural
23;BOUNKANI;91;TEHINI;9102;TEHINI;1;COMMUNAL;6001;6001;2;Rural
23;BOUNKANI;91;TEHINI;9102;TEHINI;1;COMMUNAL;6001;6001;2;Rural
23;BOUNKANI;91;TEHINI;9102;TEHINI;1;COMMUNAL;6001;6001;2;Rural
23;BOUNKANI;91;TEHINI;9102;TEHINI;1;COMMUNAL;6001;6001;2;Rural
23;BOUNKANI;91;TEHINI;9102;TEHINI;1;COMMUNAL;6001;6001;2;Rural
23;BOUNKANI;91;TEHINI;9102;TEHINI;1;COMMUNAL;6001;6001;2;Rural
23;BOUNKANI;91;TEHINI;9102;TEHINI;1;COMMUNAL;6002;6002;2;Rural
23;BOUNKANI;91;TEHINI;9102;TEHINI;1;COMMUNAL;6002;6002;2;Rural
23;BOUNKANI;91;TEHINI;9102;TEHINI;1;COMMUNAL;6002;6002;2;Rural
23;BOUNKANI;91;TEHINI;9102;TEHINI;1;COMMUNAL;6002;6002;2;Rural
23;BOUNKANI;91;TEHINI;9102;TEHINI;1;COMMUNAL;6002;6002;2;Rural
23;BOUNKANI;91;TEHINI;9102;TEHINI;1;COMMUNAL;6002;6002;2;Rural
23;BOUNKANI;91;TEHINI;9102;TEHINI;1;COMMUNAL;6002;6002;2;Rural
23;BOUNKANI;91;TEHINI;9102;TEHINI;1;COMMUNAL;6002;6002;2;Rural
23;BOUNKANI;91;TEHINI;9102;TEHINI;1;COMMUNAL;6002;6002;2;Rural
23;BOUNKANI;91;TEHINI;9102;TEHINI;1;COMMUNAL;6002;6002;2;Rural
23;BOUNKANI;91;TEHINI;9102;TEHINI;1;COMMUNAL;6002;6002;2;Rural
23;BOUNKANI;91;TEHINI;9102;TEHINI;1;COMMUNAL;6002;6002;2;Rural
23;BOUNKANI;91;TEHINI;9102;TEHINI;1;COMMUNAL;6003;6003;2;Rural
23;BOUNKANI;91;TEHINI;9102;TEHINI;1;COMMUNAL;6003;6003;2;Rural
23;BOUNKANI;91;TEHINI;9102;TEHINI;1;COMMUNAL;6003;6003;2;Rural
23;BOUNKANI;91;TEHINI;9102;TEHINI;1;COMMUNAL;6003;6003;2;Rural
23;BOUNKANI;91;TEHINI;9102;TEHINI;1;COMMUNAL;6003;6003;2;Rural
23;BOUNKANI;91;TEHINI;9102;TEHINI;1;COMMUNAL;6003;6003;2;Rural
23;BOUNKANI;91;TEHINI;9102;TEHINI;1;COMMUNAL;6003;6003;2;Rural
23;BOUNKANI;91;TEHINI;9102;TEHINI;1;COMMUNAL;6003;6003;2;Rural
23;BOUNKANI;91;TEHINI;9102;TEHINI;1;COMMUNAL;6004;6004;2;Rural
23;BOUNKANI;91;TEHINI;9102;TEHINI;1;COMMUNAL;6004;6004;2;Rural
23;BOUNKANI;91;TEHINI;9102;TEHINI;1;COMMUNAL;6004;6004;2;Rural
23;BOUNKANI;91;TEHINI;9102;TEHINI;1;COMMUNAL;6004;6004;2;Rural
23;BOUNKANI;91;TEHINI;9102;TEHINI;1;COMMUNAL;6004;6004;2;Rural
23;BOUNKANI;91;TEHINI;9102;TEHINI;1;COMMUNAL;6004;6004;2;Rural
23;BOUNKANI;91;TEHINI;9102;TEHINI;1;COMMUNAL;6004;6004;2;Rural
23;BOUNKANI;91;TEHINI;9102;TEHINI;1;COMMUNAL;6004;6004;2;Rural
23;BOUNKANI;91;TEHINI;9102;TEHINI;1;COMMUNAL;6004;6004;2;Rural
23;BOUNKANI;91;TEHINI;9102;TEHINI;1;COMMUNAL;6004;6004;2;Rural
23;BOUNKANI;91;TEHINI;9102;TEHINI;1;COMMUNAL;6004;6004;2;Rural
23;BOUNKANI;91;TEHINI;9102;TEHINI;1;COMMUNAL;6004;6004;2;Rural
23;BOUNKANI;91;TEHINI;9102;TEHINI;1;COMMUNAL;6004;6004;2;Rural
23;BOUNKANI;91;TEHINI;9102;TEHINI;1;COMMUNAL;6004;6004;2;Rural
23;BOUNKANI;91;TEHINI;9102;TEHINI;98;NON COMMUNAL;6010;6010;2;Rural
23;BOUNKANI;91;TEHINI;9102;TEHINI;98;NON COMMUNAL;6010;6010;2;Rural
23;BOUNKANI;91;TEHINI;9102;TEHINI;98;NON COMMUNAL;6010;6010;2;Rural
26;GRANDS-PONTS;25;GRAND-LAHOU;2504;GRAND-LAHOU;1;COMMUNAL;1;1;1;Urbain
26;GRANDS-PONTS;25;GRAND-LAHOU;2504;GRAND-LAHOU;1;COMMUNAL;1;1;1;Urbain
26;GRANDS-PONTS;25;GRAND-LAHOU;2504;GRAND-LAHOU;1;COMMUNAL;1;1;1;Urbain
26;GRANDS-PONTS;25;GRAND-LAHOU;2504;GRAND-LAHOU;1;COMMUNAL;1;1;1;Urbain
26;GRANDS-PONTS;25;GRAND-LAHOU;2504;GRAND-LAHOU;1;COMMUNAL;1;1;1;Urbain
26;GRANDS-PONTS;25;GRAND-LAHOU;2504;GRAND-LAHOU;1;COMMUNAL;1;1;1;Urbain
26;GRANDS-PONTS;25;GRAND-LAHOU;2504;GRAND-LAHOU;1;COMMUNAL;1;1;1;Urbain
26;GRANDS-PONTS;25;GRAND-LAHOU;2504;GRAND-LAHOU;1;COMMUNAL;1;1;1;Urbain
26;GRANDS-PONTS;25;GRAND-LAHOU;2504;GRAND-LAHOU;1;COMMUNAL;1;1;1;Urbain
26;GRANDS-PONTS;25;GRAND-LAHOU;2504;GRAND-LAHOU;1;COMMUNAL;2;2;1;Urbain
26;GRANDS-PONTS;25;GRAND-LAHOU;2504;GRAND-LAHOU;1;COMMUNAL;2;2;1;Urbain
26;GRANDS-PONTS;25;GRAND-LAHOU;2504;GRAND-LAHOU;1;COMMUNAL;2;2;1;Urbain
26;GRANDS-PONTS;25;GRAND-LAHOU;2504;GRAND-LAHOU;1;COMMUNAL;2;2;1;Urbain
26;GRANDS-PONTS;25;GRAND-LAHOU;2504;GRAND-LAHOU;1;COMMUNAL;2;2;1;Urbain
26;GRANDS-PONTS;25;GRAND-LAHOU;2504;GRAND-LAHOU;1;COMMUNAL;2;2;1;Urbain
26;GRANDS-PONTS;25;GRAND-LAHOU;2504;GRAND-LAHOU;1;COMMUNAL;2;2;1;Urbain
26;GRANDS-PONTS;25;GRAND-LAHOU;2504;GRAND-LAHOU;1;COMMUNAL;2;2;1;Urbain
26;GRANDS-PONTS;25;GRAND-LAHOU;2504;GRAND-LAHOU;1;COMMUNAL;2;2;1;Urbain
26;GRANDS-PONTS;25;GRAND-LAHOU;2504;GRAND-LAHOU;1;COMMUNAL;3;3;1;Urbain
26;GRANDS-PONTS;25;GRAND-LAHOU;2504;GRAND-LAHOU;1;COMMUNAL;3;3;1;Urbain
26;GRANDS-PONTS;25;GRAND-LAHOU;2504;GRAND-LAHOU;1;COMMUNAL;3;3;1;Urbain
26;GRANDS-PONTS;25;GRAND-LAHOU;2504;GRAND-LAHOU;1;COMMUNAL;3;3;1;Urbain
26;GRANDS-PONTS;25;GRAND-LAHOU;2504;GRAND-LAHOU;1;COMMUNAL;3;3;1;Urbain
26;GRANDS-PONTS;25;GRAND-LAHOU;2504;GRAND-LAHOU;1;COMMUNAL;3;3;1;Urbain
26;GRANDS-PONTS;25;GRAND-LAHOU;2504;GRAND-LAHOU;1;COMMUNAL;4;4;1;Urbain
26;GRANDS-PONTS;25;GRAND-LAHOU;2504;GRAND-LAHOU;1;COMMUNAL;4;4;1;Urbain
26;GRANDS-PONTS;25;GRAND-LAHOU;2504;GRAND-LAHOU;1;COMMUNAL;4;4;1;Urbain
26;GRANDS-PONTS;25;GRAND-LAHOU;2504;GRAND-LAHOU;1;COMMUNAL;4;4;1;Urbain
26;GRANDS-PONTS;25;GRAND-LAHOU;2504;GRAND-LAHOU;1;COMMUNAL;4;4;1;Urbain
26;GRANDS-PONTS;25;GRAND-LAHOU;2504;GRAND-LAHOU;1;COMMUNAL;4;4;1;Urbain
26;GRANDS-PONTS;25;GRAND-LAHOU;2504;GRAND-LAHOU;1;COMMUNAL;4;4;1;Urbain
26;GRANDS-PONTS;25;GRAND-LAHOU;2504;GRAND-LAHOU;1;COMMUNAL;4;4;1;Urbain
26;GRANDS-PONTS;25;GRAND-LAHOU;2504;GRAND-LAHOU;1;COMMUNAL;4;4;1;Urbain
26;GRANDS-PONTS;25;GRAND-LAHOU;2504;GRAND-LAHOU;1;COMMUNAL;4;4;1;Urbain
26;GRANDS-PONTS;25;GRAND-LAHOU;2504;GRAND-LAHOU;1;COMMUNAL;4;4;1;Urbain
26;GRANDS-PONTS;25;GRAND-LAHOU;2504;GRAND-LAHOU;1;COMMUNAL;4;4;1;Urbain
26;GRANDS-PONTS;25;GRAND-LAHOU;2504;GRAND-LAHOU;1;COMMUNAL;4;4;1;Urbain
26;GRANDS-PONTS;25;GRAND-LAHOU;2504;GRAND-LAHOU;1;COMMUNAL;4;4;1;Urbain
26;GRANDS-PONTS;25;GRAND-LAHOU;2504;GRAND-LAHOU;1;COMMUNAL;5;5;1;Urbain
26;GRANDS-PONTS;25;GRAND-LAHOU;2504;GRAND-LAHOU;1;COMMUNAL;5;5;1;Urbain
26;GRANDS-PONTS;25;GRAND-LAHOU;2504;GRAND-LAHOU;1;COMMUNAL;5;5;1;Urbain
26;GRANDS-PONTS;25;GRAND-LAHOU;2504;GRAND-LAHOU;1;COMMUNAL;5;5;1;Urbain
26;GRANDS-PONTS;25;GRAND-LAHOU;2504;GRAND-LAHOU;1;COMMUNAL;5;5;1;Urbain
26;GRANDS-PONTS;25;GRAND-LAHOU;2504;GRAND-LAHOU;1;COMMUNAL;5;5;1;Urbain
26;GRANDS-PONTS;25;GRAND-LAHOU;2504;GRAND-LAHOU;1;COMMUNAL;5;5;1;Urbain
26;GRANDS-PONTS;25;GRAND-LAHOU;2504;GRAND-LAHOU;1;COMMUNAL;6;6;1;Urbain
26;GRANDS-PONTS;25;GRAND-LAHOU;2504;GRAND-LAHOU;1;COMMUNAL;6;6;1;Urbain
26;GRANDS-PONTS;25;GRAND-LAHOU;2504;GRAND-LAHOU;1;COMMUNAL;6;6;1;Urbain
26;GRANDS-PONTS;25;GRAND-LAHOU;2504;GRAND-LAHOU;1;COMMUNAL;6;6;1;Urbain
26;GRANDS-PONTS;25;GRAND-LAHOU;2504;GRAND-LAHOU;1;COMMUNAL;6;6;1;Urbain
26;GRANDS-PONTS;25;GRAND-LAHOU;2504;GRAND-LAHOU;1;COMMUNAL;6;6;1;Urbain
26;GRANDS-PONTS;25;GRAND-LAHOU;2504;GRAND-LAHOU;1;COMMUNAL;6;6;1;Urbain
26;GRANDS-PONTS;25;GRAND-LAHOU;2504;GRAND-LAHOU;1;COMMUNAL;6;6;1;Urbain
26;GRANDS-PONTS;25;GRAND-LAHOU;2504;GRAND-LAHOU;1;COMMUNAL;6;6;1;Urbain
26;GRANDS-PONTS;25;GRAND-LAHOU;2504;GRAND-LAHOU;1;COMMUNAL;6;6;1;Urbain
26;GRANDS-PONTS;25;GRAND-LAHOU;2504;GRAND-LAHOU;1;COMMUNAL;6;6;1;Urbain
26;GRANDS-PONTS;25;GRAND-LAHOU;2504;GRAND-LAHOU;1;COMMUNAL;6;6;1;Urbain
26;GRANDS-PONTS;25;GRAND-LAHOU;2504;GRAND-LAHOU;1;COMMUNAL;6;6;1;Urbain
26;GRANDS-PONTS;25;GRAND-LAHOU;2504;GRAND-LAHOU;1;COMMUNAL;6;6;1;Urbain
26;GRANDS-PONTS;25;GRAND-LAHOU;2504;GRAND-LAHOU;1;COMMUNAL;6;6;1;Urbain
26;GRANDS-PONTS;25;GRAND-LAHOU;2504;GRAND-LAHOU;1;COMMUNAL;6;6;1;Urbain
26;GRANDS-PONTS;25;GRAND-LAHOU;2504;GRAND-LAHOU;1;COMMUNAL;6;6;1;Urbain
26;GRANDS-PONTS;25;GRAND-LAHOU;2504;GRAND-LAHOU;1;COMMUNAL;7;7;1;Urbain
26;GRANDS-PONTS;25;GRAND-LAHOU;2504;GRAND-LAHOU;1;COMMUNAL;7;7;1;Urbain
26;GRANDS-PONTS;25;GRAND-LAHOU;2504;GRAND-LAHOU;1;COMMUNAL;7;7;1;Urbain
26;GRANDS-PONTS;25;GRAND-LAHOU;2504;GRAND-LAHOU;1;COMMUNAL;7;7;1;Urbain
26;GRANDS-PONTS;25;GRAND-LAHOU;2504;GRAND-LAHOU;1;COMMUNAL;7;7;1;Urbain
26;GRANDS-PONTS;25;GRAND-LAHOU;2504;GRAND-LAHOU;1;COMMUNAL;7;7;1;Urbain
26;GRANDS-PONTS;25;GRAND-LAHOU;2504;GRAND-LAHOU;1;COMMUNAL;7;7;1;Urbain
26;GRANDS-PONTS;25;GRAND-LAHOU;2504;GRAND-LAHOU;1;COMMUNAL;7;7;1;Urbain
26;GRANDS-PONTS;25;GRAND-LAHOU;2504;GRAND-LAHOU;1;COMMUNAL;7;7;1;Urbain
26;GRANDS-PONTS;25;GRAND-LAHOU;2504;GRAND-LAHOU;1;COMMUNAL;7;7;1;Urbain
26;GRANDS-PONTS;25;GRAND-LAHOU;2504;GRAND-LAHOU;1;COMMUNAL;7;7;1;Urbain
26;GRANDS-PONTS;25;GRAND-LAHOU;2504;GRAND-LAHOU;1;COMMUNAL;7;7;1;Urbain
26;GRANDS-PONTS;25;GRAND-LAHOU;2504;GRAND-LAHOU;1;COMMUNAL;7;7;1;Urbain
26;GRANDS-PONTS;25;GRAND-LAHOU;2504;GRAND-LAHOU;1;COMMUNAL;7;7;1;Urbain
26;GRANDS-PONTS;25;GRAND-LAHOU;2504;GRAND-LAHOU;1;COMMUNAL;7;7;1;Urbain
26;GRANDS-PONTS;25;GRAND-LAHOU;2504;GRAND-LAHOU;1;COMMUNAL;7;7;1;Urbain
26;GRANDS-PONTS;25;GRAND-LAHOU;2504;GRAND-LAHOU;1;COMMUNAL;7;7;1;Urbain
26;GRANDS-PONTS;25;GRAND-LAHOU;2504;GRAND-LAHOU;1;COMMUNAL;7;7;1;Urbain
26;GRANDS-PONTS;25;GRAND-LAHOU;2504;GRAND-LAHOU;1;COMMUNAL;7;7;1;Urbain
26;GRANDS-PONTS;25;GRAND-LAHOU;2504;GRAND-LAHOU;1;COMMUNAL;7;7;1;Urbain
26;GRANDS-PONTS;25;GRAND-LAHOU;2504;GRAND-LAHOU;1;COMMUNAL;7;7;1;Urbain
26;GRANDS-PONTS;25;GRAND-LAHOU;2504;GRAND-LAHOU;1;COMMUNAL;7;7;1;Urbain
26;GRANDS-PONTS;25;GRAND-LAHOU;2504;GRAND-LAHOU;1;COMMUNAL;7;7;1;Urbain
26;GRANDS-PONTS;25;GRAND-LAHOU;2504;GRAND-LAHOU;1;COMMUNAL;7;7;1;Urbain
26;GRANDS-PONTS;25;GRAND-LAHOU;2504;GRAND-LAHOU;1;COMMUNAL;7;7;1;Urbain
26;GRANDS-PONTS;25;GRAND-LAHOU;2504;GRAND-LAHOU;1;COMMUNAL;7;7;1;Urbain
26;GRANDS-PONTS;25;GRAND-LAHOU;2504;GRAND-LAHOU;1;COMMUNAL;8;8;1;Urbain
26;GRANDS-PONTS;25;GRAND-LAHOU;2504;GRAND-LAHOU;1;COMMUNAL;8;8;1;Urbain
26;GRANDS-PONTS;25;GRAND-LAHOU;2504;GRAND-LAHOU;1;COMMUNAL;8;8;1;Urbain
26;GRANDS-PONTS;25;GRAND-LAHOU;2504;GRAND-LAHOU;1;COMMUNAL;8;8;1;Urbain
26;GRANDS-PONTS;25;GRAND-LAHOU;2504;GRAND-LAHOU;1;COMMUNAL;8;8;1;Urbain
26;GRANDS-PONTS;25;GRAND-LAHOU;2504;GRAND-LAHOU;1;COMMUNAL;8;8;1;Urbain
26;GRANDS-PONTS;25;GRAND-LAHOU;2504;GRAND-LAHOU;1;COMMUNAL;8;8;1;Urbain
26;GRANDS-PONTS;25;GRAND-LAHOU;2504;GRAND-LAHOU;1;COMMUNAL;8;8;1;Urbain
26;GRANDS-PONTS;25;GRAND-LAHOU;2504;GRAND-LAHOU;1;COMMUNAL;8;8;1;Urbain
26;GRANDS-PONTS;25;GRAND-LAHOU;2504;GRAND-LAHOU;1;COMMUNAL;8;8;1;Urbain
26;GRANDS-PONTS;25;GRAND-LAHOU;2504;GRAND-LAHOU;1;COMMUNAL;8;8;1;Urbain
26;GRANDS-PONTS;25;GRAND-LAHOU;2504;GRAND-LAHOU;1;COMMUNAL;8;8;1;Urbain
26;GRANDS-PONTS;25;GRAND-LAHOU;2504;GRAND-LAHOU;1;COMMUNAL;8;8;1;Urbain
26;GRANDS-PONTS;25;GRAND-LAHOU;2504;GRAND-LAHOU;1;COMMUNAL;8;8;1;Urbain
26;GRANDS-PONTS;25;GRAND-LAHOU;2504;GRAND-LAHOU;1;COMMUNAL;8;8;1;Urbain
26;GRANDS-PONTS;25;GRAND-LAHOU;2504;GRAND-LAHOU;1;COMMUNAL;8;8;1;Urbain
26;GRANDS-PONTS;25;GRAND-LAHOU;2504;GRAND-LAHOU;1;COMMUNAL;8;8;1;Urbain
26;GRANDS-PONTS;25;GRAND-LAHOU;2504;GRAND-LAHOU;1;COMMUNAL;8;8;1;Urbain
26;GRANDS-PONTS;25;GRAND-LAHOU;2504;GRAND-LAHOU;1;COMMUNAL;6001;6001;2;Rural
26;GRANDS-PONTS;25;GRAND-LAHOU;2504;GRAND-LAHOU;1;COMMUNAL;6001;6001;2;Rural
26;GRANDS-PONTS;25;GRAND-LAHOU;2504;GRAND-LAHOU;1;COMMUNAL;6001;6001;2;Rural
26;GRANDS-PONTS;25;GRAND-LAHOU;2504;GRAND-LAHOU;1;COMMUNAL;6001;6001;2;Rural
26;GRANDS-PONTS;25;GRAND-LAHOU;2504;GRAND-LAHOU;1;COMMUNAL;6001;6001;2;Rural
26;GRANDS-PONTS;25;GRAND-LAHOU;2504;GRAND-LAHOU;1;COMMUNAL;6001;6001;2;Rural
26;GRANDS-PONTS;25;GRAND-LAHOU;2504;GRAND-LAHOU;1;COMMUNAL;6001;6001;2;Rural
26;GRANDS-PONTS;25;GRAND-LAHOU;2504;GRAND-LAHOU;1;COMMUNAL;6001;6001;2;Rural
26;GRANDS-PONTS;25;GRAND-LAHOU;2504;GRAND-LAHOU;1;COMMUNAL;6001;6001;2;Rural
26;GRANDS-PONTS;25;GRAND-LAHOU;2504;GRAND-LAHOU;1;COMMUNAL;6001;6001;2;Rural
26;GRANDS-PONTS;25;GRAND-LAHOU;2504;GRAND-LAHOU;1;COMMUNAL;6001;6001;2;Rural
26;GRANDS-PONTS;25;GRAND-LAHOU;2504;GRAND-LAHOU;1;COMMUNAL;6001;6001;2;Rural
26;GRANDS-PONTS;25;GRAND-LAHOU;2504;GRAND-LAHOU;1;COMMUNAL;6001;6001;2;Rural
26;GRANDS-PONTS;25;GRAND-LAHOU;2504;GRAND-LAHOU;1;COMMUNAL;6001;6001;2;Rural
26;GRANDS-PONTS;25;GRAND-LAHOU;2504;GRAND-LAHOU;1;COMMUNAL;6001;6001;2;Rural
26;GRANDS-PONTS;25;GRAND-LAHOU;2504;GRAND-LAHOU;1;COMMUNAL;6001;6001;2;Rural
26;GRANDS-PONTS;25;GRAND-LAHOU;2504;GRAND-LAHOU;1;COMMUNAL;6001;6001;2;Rural
26;GRANDS-PONTS;25;GRAND-LAHOU;2504;GRAND-LAHOU;1;COMMUNAL;6002;6002;2;Rural
26;GRANDS-PONTS;25;GRAND-LAHOU;2504;GRAND-LAHOU;1;COMMUNAL;6002;6002;2;Rural
26;GRANDS-PONTS;25;GRAND-LAHOU;2504;GRAND-LAHOU;1;COMMUNAL;6002;6002;2;Rural
26;GRANDS-PONTS;25;GRAND-LAHOU;2504;GRAND-LAHOU;1;COMMUNAL;6002;6002;2;Rural
26;GRANDS-PONTS;25;GRAND-LAHOU;2504;GRAND-LAHOU;1;COMMUNAL;6002;6002;2;Rural
26;GRANDS-PONTS;25;GRAND-LAHOU;2504;GRAND-LAHOU;1;COMMUNAL;6002;6002;2;Rural
26;GRANDS-PONTS;25;GRAND-LAHOU;2504;GRAND-LAHOU;1;COMMUNAL;6002;6002;2;Rural
26;GRANDS-PONTS;25;GRAND-LAHOU;2504;GRAND-LAHOU;1;COMMUNAL;6003;6003;2;Rural
26;GRANDS-PONTS;25;GRAND-LAHOU;2504;GRAND-LAHOU;1;COMMUNAL;6003;6003;2;Rural
26;GRANDS-PONTS;25;GRAND-LAHOU;2504;GRAND-LAHOU;1;COMMUNAL;6003;6003;2;Rural
26;GRANDS-PONTS;25;GRAND-LAHOU;2504;GRAND-LAHOU;1;COMMUNAL;6003;6003;2;Rural
26;GRANDS-PONTS;25;GRAND-LAHOU;2504;GRAND-LAHOU;1;COMMUNAL;6003;6003;2;Rural
26;GRANDS-PONTS;25;GRAND-LAHOU;2504;GRAND-LAHOU;1;COMMUNAL;6003;6003;2;Rural
26;GRANDS-PONTS;25;GRAND-LAHOU;2504;GRAND-LAHOU;1;COMMUNAL;6003;6003;2;Rural
26;GRANDS-PONTS;25;GRAND-LAHOU;2504;GRAND-LAHOU;1;COMMUNAL;6003;6003;2;Rural
26;GRANDS-PONTS;25;GRAND-LAHOU;2504;GRAND-LAHOU;1;COMMUNAL;6003;6003;2;Rural
26;GRANDS-PONTS;25;GRAND-LAHOU;2504;GRAND-LAHOU;1;COMMUNAL;6003;6003;2;Rural
26;GRANDS-PONTS;25;GRAND-LAHOU;2504;GRAND-LAHOU;1;COMMUNAL;6004;6004;2;Rural
26;GRANDS-PONTS;25;GRAND-LAHOU;2504;GRAND-LAHOU;1;COMMUNAL;6004;6004;2;Rural
26;GRANDS-PONTS;25;GRAND-LAHOU;2504;GRAND-LAHOU;1;COMMUNAL;6004;6004;2;Rural
26;GRANDS-PONTS;25;GRAND-LAHOU;2504;GRAND-LAHOU;1;COMMUNAL;6004;6004;2;Rural
26;GRANDS-PONTS;25;GRAND-LAHOU;2504;GRAND-LAHOU;1;COMMUNAL;6004;6004;2;Rural
26;GRANDS-PONTS;25;GRAND-LAHOU;2504;GRAND-LAHOU;1;COMMUNAL;6004;6004;2;Rural
26;GRANDS-PONTS;25;GRAND-LAHOU;2504;GRAND-LAHOU;1;COMMUNAL;6004;6004;2;Rural
26;GRANDS-PONTS;25;GRAND-LAHOU;2504;GRAND-LAHOU;1;COMMUNAL;6004;6004;2;Rural
26;GRANDS-PONTS;25;GRAND-LAHOU;2504;GRAND-LAHOU;1;COMMUNAL;6004;6004;2;Rural
31;NAWA;78;GUEYO;7801;DABOUYO;98;NON COMMUNAL;6001;6001;2;Rural
31;NAWA;78;GUEYO;7801;DABOUYO;98;NON COMMUNAL;6001;6001;2;Rural
31;NAWA;78;GUEYO;7801;DABOUYO;98;NON COMMUNAL;6001;6001;2;Rural
31;NAWA;78;GUEYO;7801;DABOUYO;98;NON COMMUNAL;6001;6001;2;Rural
31;NAWA;78;GUEYO;7801;DABOUYO;98;NON COMMUNAL;6001;6001;2;Rural
31;NAWA;78;GUEYO;7801;DABOUYO;98;NON COMMUNAL;6001;6001;2;Rural
31;NAWA;78;GUEYO;7801;DABOUYO;98;NON COMMUNAL;6001;6001;2;Rural
31;NAWA;78;GUEYO;7801;DABOUYO;98;NON COMMUNAL;6001;6001;2;Rural
31;NAWA;78;GUEYO;7801;DABOUYO;98;NON COMMUNAL;6001;6001;2;Rural
31;NAWA;78;GUEYO;7801;DABOUYO;98;NON COMMUNAL;6001;6001;2;Rural
31;NAWA;78;GUEYO;7801;DABOUYO;98;NON COMMUNAL;6001;6001;2;Rural
31;NAWA;78;GUEYO;7801;DABOUYO;98;NON COMMUNAL;6001;6001;2;Rural
31;NAWA;78;GUEYO;7801;DABOUYO;98;NON COMMUNAL;6001;6001;2;Rural
31;NAWA;78;GUEYO;7801;DABOUYO;98;NON COMMUNAL;6001;6001;2;Rural
31;NAWA;78;GUEYO;7801;DABOUYO;98;NON COMMUNAL;6001;6001;2;Rural
31;NAWA;78;GUEYO;7801;DABOUYO;98;NON COMMUNAL;6002;6002;2;Rural
31;NAWA;78;GUEYO;7801;DABOUYO;98;NON COMMUNAL;6002;6002;2;Rural
31;NAWA;78;GUEYO;7801;DABOUYO;98;NON COMMUNAL;6002;6002;2;Rural
31;NAWA;78;GUEYO;7801;DABOUYO;98;NON COMMUNAL;6003;6003;2;Rural
31;NAWA;78;GUEYO;7801;DABOUYO;98;NON COMMUNAL;6003;6003;2;Rural
31;NAWA;78;GUEYO;7801;DABOUYO;98;NON COMMUNAL;6003;6003;2;Rural
31;NAWA;78;GUEYO;7801;DABOUYO;98;NON COMMUNAL;6003;6003;2;Rural
31;NAWA;78;GUEYO;7801;DABOUYO;98;NON COMMUNAL;6004;6004;2;Rural
31;NAWA;78;GUEYO;7801;DABOUYO;98;NON COMMUNAL;6004;6004;2;Rural
31;NAWA;78;GUEYO;7801;DABOUYO;98;NON COMMUNAL;6004;6004;2;Rural
31;NAWA;78;GUEYO;7801;DABOUYO;98;NON COMMUNAL;6004;6004;2;Rural
31;NAWA;78;GUEYO;7801;DABOUYO;98;NON COMMUNAL;6004;6004;2;Rural
31;NAWA;78;GUEYO;7801;DABOUYO;98;NON COMMUNAL;6004;6004;2;Rural
31;NAWA;78;GUEYO;7801;DABOUYO;98;NON COMMUNAL;6004;6004;2;Rural
31;NAWA;78;GUEYO;7801;DABOUYO;98;NON COMMUNAL;6004;6004;2;Rural
31;NAWA;78;GUEYO;7801;DABOUYO;98;NON COMMUNAL;6004;6004;2;Rural
31;NAWA;78;GUEYO;7801;DABOUYO;98;NON COMMUNAL;6004;6004;2;Rural
31;NAWA;78;GUEYO;7801;DABOUYO;98;NON COMMUNAL;6004;6004;2;Rural
31;NAWA;78;GUEYO;7801;DABOUYO;98;NON COMMUNAL;6004;6004;2;Rural
31;NAWA;78;GUEYO;7801;DABOUYO;98;NON COMMUNAL;6013;6013;2;Rural
31;NAWA;78;GUEYO;7801;DABOUYO;98;NON COMMUNAL;6013;6013;2;Rural
31;NAWA;78;GUEYO;7801;DABOUYO;98;NON COMMUNAL;6013;6013;2;Rural
31;NAWA;78;GUEYO;7801;DABOUYO;98;NON COMMUNAL;6013;6013;2;Rural
31;NAWA;78;GUEYO;7801;DABOUYO;98;NON COMMUNAL;6013;6013;2;Rural
31;NAWA;78;GUEYO;7801;DABOUYO;98;NON COMMUNAL;6013;6013;2;Rural
31;NAWA;78;GUEYO;7801;DABOUYO;98;NON COMMUNAL;6013;6013;2;Rural
31;NAWA;78;GUEYO;7801;DABOUYO;98;NON COMMUNAL;6013;6013;2;Rural
31;NAWA;78;GUEYO;7801;DABOUYO;98;NON COMMUNAL;6013;6013;2;Rural
31;NAWA;78;GUEYO;7801;DABOUYO;98;NON COMMUNAL;6013;6013;2;Rural
31;NAWA;78;GUEYO;7801;DABOUYO;98;NON COMMUNAL;6013;6013;2;Rural
31;NAWA;78;GUEYO;7801;DABOUYO;98;NON COMMUNAL;6014;6014;2;Rural
31;NAWA;78;GUEYO;7801;DABOUYO;98;NON COMMUNAL;6014;6014;2;Rural
31;NAWA;78;GUEYO;7801;DABOUYO;98;NON COMMUNAL;6014;6014;2;Rural
31;NAWA;78;GUEYO;7801;DABOUYO;98;NON COMMUNAL;6014;6014;2;Rural
31;NAWA;78;GUEYO;7801;DABOUYO;98;NON COMMUNAL;6014;6014;2;Rural
31;NAWA;78;GUEYO;7801;DABOUYO;98;NON COMMUNAL;6014;6014;2;Rural
31;NAWA;78;GUEYO;7801;DABOUYO;98;NON COMMUNAL;6014;6014;2;Rural
31;NAWA;78;GUEYO;7801;DABOUYO;98;NON COMMUNAL;6014;6014;2;Rural
31;NAWA;78;GUEYO;7801;DABOUYO;98;NON COMMUNAL;6014;6014;2;Rural
31;NAWA;78;GUEYO;7801;DABOUYO;98;NON COMMUNAL;6014;6014;2;Rural
31;NAWA;78;GUEYO;7801;DABOUYO;98;NON COMMUNAL;6014;6014;2;Rural
31;NAWA;78;GUEYO;7801;DABOUYO;98;NON COMMUNAL;6014;6014;2;Rural
31;NAWA;78;GUEYO;7801;DABOUYO;98;NON COMMUNAL;6014;6014;2;Rural
31;NAWA;78;GUEYO;7801;DABOUYO;98;NON COMMUNAL;6014;6014;2;Rural
31;NAWA;78;GUEYO;7801;DABOUYO;98;NON COMMUNAL;6015;6015;2;Rural
31;NAWA;78;GUEYO;7801;DABOUYO;98;NON COMMUNAL;6015;6015;2;Rural
31;NAWA;78;GUEYO;7801;DABOUYO;98;NON COMMUNAL;6015;6015;2;Rural
31;NAWA;78;GUEYO;7801;DABOUYO;98;NON COMMUNAL;6015;6015;2;Rural
31;NAWA;78;GUEYO;7801;DABOUYO;98;NON COMMUNAL;6015;6015;2;Rural
31;NAWA;78;GUEYO;7801;DABOUYO;98;NON COMMUNAL;6015;6015;2;Rural
31;NAWA;78;GUEYO;7801;DABOUYO;98;NON COMMUNAL;6015;6015;2;Rural
31;NAWA;78;GUEYO;7801;DABOUYO;98;NON COMMUNAL;6015;6015;2;Rural
31;NAWA;78;GUEYO;7801;DABOUYO;98;NON COMMUNAL;6015;6015;2;Rural
31;NAWA;78;GUEYO;7801;DABOUYO;98;NON COMMUNAL;6015;6015;2;Rural
31;NAWA;78;GUEYO;7801;DABOUYO;98;NON COMMUNAL;6015;6015;2;Rural
31;NAWA;78;GUEYO;7801;DABOUYO;98;NON COMMUNAL;6015;6015;2;Rural
31;NAWA;78;GUEYO;7801;DABOUYO;98;NON COMMUNAL;6015;6015;2;Rural
31;NAWA;78;GUEYO;7801;DABOUYO;98;NON COMMUNAL;6015;6015;2;Rural
31;NAWA;78;GUEYO;7801;DABOUYO;98;NON COMMUNAL;6015;6015;2;Rural
31;NAWA;78;GUEYO;7801;DABOUYO;98;NON COMMUNAL;6015;6015;2;Rural
31;NAWA;78;GUEYO;7801;DABOUYO;98;NON COMMUNAL;6015;6015;2;Rural
31;NAWA;78;GUEYO;7801;DABOUYO;98;NON COMMUNAL;6016;6016;2;Rural
31;NAWA;78;GUEYO;7801;DABOUYO;98;NON COMMUNAL;6016;6016;2;Rural
31;NAWA;78;GUEYO;7801;DABOUYO;98;NON COMMUNAL;6016;6016;2;Rural
31;NAWA;78;GUEYO;7801;DABOUYO;98;NON COMMUNAL;6016;6016;2;Rural
31;NAWA;78;GUEYO;7801;DABOUYO;98;NON COMMUNAL;6016;6016;2;Rural
31;NAWA;78;GUEYO;7801;DABOUYO;98;NON COMMUNAL;6016;6016;2;Rural
31;NAWA;78;GUEYO;7801;DABOUYO;98;NON COMMUNAL;6016;6016;2;Rural
31;NAWA;78;GUEYO;7801;DABOUYO;98;NON COMMUNAL;6016;6016;2;Rural
31;NAWA;78;GUEYO;7801;DABOUYO;98;NON COMMUNAL;6016;6016;2;Rural
31;NAWA;78;GUEYO;7801;DABOUYO;98;NON COMMUNAL;6016;6016;2;Rural
31;NAWA;78;GUEYO;7801;DABOUYO;98;NON COMMUNAL;6016;6016;2;Rural
31;NAWA;78;GUEYO;7801;DABOUYO;98;NON COMMUNAL;6016;6016;2;Rural
31;NAWA;78;GUEYO;7801;DABOUYO;98;NON COMMUNAL;6016;6016;2;Rural
31;NAWA;78;GUEYO;7801;DABOUYO;98;NON COMMUNAL;6016;6016;2;Rural
31;NAWA;78;GUEYO;7801;DABOUYO;98;NON COMMUNAL;6016;6016;2;Rural
31;NAWA;78;GUEYO;7801;DABOUYO;98;NON COMMUNAL;6016;6016;2;Rural
31;NAWA;78;GUEYO;7801;DABOUYO;98;NON COMMUNAL;6016;6016;2;Rural
31;NAWA;78;GUEYO;7801;DABOUYO;98;NON COMMUNAL;6016;6016;2;Rural
